CountryName,CountryCode,1960,1961,1962,1963,1964,1965,1966,1967,1968,1969,1970,1971,1972,1973,1974,1975,1976,1977,1978,1979,1980,1981,1982,1983,1984,1985,1986,1987,1988,1989,1990,1991,1992,1993,1994,1995,1996,1997,1998,1999,2000,2001,2002,2003,2004,2005,2006,2007,2008,2009,2010,2011,2012,2013,2014,2015,2016,2017,2018,2019,2020,2021
Angola,AO,0.0,0.0,0.0,0.0,0.0,0.0,0.0,0.0,0.0,0.0,0.0,1617727.0,2405734.0,2199131.0,2253837.0,1955802.0,1939556.0,1506541.0,2576223.0,2539986.0,2658145.0,2522902.0,2198075.0,2321053.0,2228183.0,2817595.0,2771552.0,2849332.0,3214568.0,3304776.0,3922267.0,4013414.0,3890286.0,4225733.0,4180850.0,3913613.0,4191566.0,4333508.0,3733818.0,4742942.0,4633380.0,5032717.0,5503133.0,7065044.0,7716416.0,6146691,8253096,9650967,11817271,13871999,14288594,15166369,16437322,19280474,20882421,21519901,19331502,16714959,17200100,18916730,15141577,0.0
Albania,AL,0.0,0.0,0.0,0.0,0.0,0.0,0.0,0.0,0.0,0.0,0.0,3862770.0,4446404.0,3923777.0,4111330.0,4338334.0,4677358.0,4958544.0,5619529.0,6694873.0,6811556.0,5843743.0,6104040.0,6659463.0,7213175.0,6929926.0,6951616.0,7232079.0,7160662.0,6839342.0,5676754.0,3812076.0,2136639.0,1975595.0,2033196.0,1847855.0,1863087.0,1427410.0,1760965.0,2930276.0,3092861.0,3234225.0,3761875.0,3835020.0,4022077.0,3839450,3805993,3790639,3725622,3783219,3947718,4160157,3501785,3666407,4143032,3842930,3692745,4392695,4388485,4065651,3392703,4055148.3
United Arab Emirates,AE,0.0,0.0,0.0,0.0,0.0,0.0,0.0,0.0,0.0,0.0,0.0,2463160.0,2585426.0,3233522.0,3371135.0,4919173.0,6371012.0,10603244.0,12250029.0,14498958.0,19221274.0,23326969.0,25561949.0,24689929.0,31868972.0,35633500.0,40014424.0,44212125.0,45435724.0,51945915.0,51851216.0,59134993.0,56541409.0,59589930.0,65557383.0,69603771.0,72703730.0,76585357.0,78337826.0,80625372.0,79832460.0,92704713.0,94667893.0,98889284.0,105111922.0,111238211,115155594,124291066,146591837,148578952,154658678,159227477,168664956,177131791,177700469,186367920,192863757,183983704,166074879,177884345,180796048,0.0
Argentina,AR,0.0,0.0,0.0,0.0,0.0,0.0,0.0,0.0,0.0,0.0,0.0,81727514.0,83755639.0,86759122.0,87126326.0,84508547.0,88265271.0,92101251.0,90834975.0,95763405.0,93522369.0,91396228.0,90859249.0,94189216.0,93630640.0,87107271.0,93315494.0,98867665.0,103035818.0,100288574.0,93501890.0,99249369.0,101078681.0,104327422.0,106870872.0,107363269.0,117961436.0,120732098.0,127684662.0,129318282.0,128020575.0,121259301.0,114215336.0,124069073.0,137578798.0,141836614,150350237,158123759,162639161,152060252,162432523,171179330,172634382,177376004,173869592,179754063,178071086,173941156,171202444,162244127,149024062,165767394.0
Armenia,AM,0.0,0.0,0.0,0.0,0.0,0.0,0.0,0.0,0.0,0.0,0.0,0.0,0.0,0.0,0.0,0.0,0.0,0.0,0.0,0.0,0.0,0.0,0.0,0.0,0.0,0.0,0.0,0.0,0.0,0.0,19845219.0,20689560.0,10656529.0,4918989.0,2675926.0,3368027.0,2403509.0,3156620.0,3283226.0,2931684.0,3422249.0,3458504.0,2907291.0,3275246.0,3465509.0,4129845,4151024,4797638,5273320,4269475,4048253,4672815,5438573,5242694,5235360,5102732,4912583,5165799,5397060,5854471,6333916,6858307.9
Australia,AU,88452975.0,91890271.0,95013703.0,100648641.0,105988250.0,111966478.0,116622786.0,123211719.0,130180857.0,136437256.0,141636720.0,143364803.0,148422047.0,157734249.0,172549574.0,179467397.0,181886685.0,195919366.0,191090637.0,197378887.0,206729609.0,207361561.0,213666649.0,201759512.0,208045087.0,220128059.0,221505411.0,231814091.0,240802247.0,254272935.0,259523957.0,261017607.0,265043441.0,268959543.0,274911460.0,285314351.0,295218855.0,303094577.0,322712767.0,328803345.0,334643183.0,340979763.0,348959967.0,348319901.0,361697603.0,364240343,369503257,379711936,382997727,389258214,391815827,389852443,390455808,383543130,373869885,380447074,390423287,392820131,391410534,389399485,374231223,378484406.1
Austria,AT,30403347.0,30645870.0,33386690.0,36864641.0,37678060.0,36766062.0,37043061.0,37780855.0,40471508.0,42957319.0,46469828.0,48607013.0,50407481.0,53809202.0,51134609.0,49488796.0,53948382.0,51327818.0,53665985.0,55916144.0,54355279.0,51554551.0,49777713.0,49400116.0,50970218.0,52649019.0,51640992.0,52387548.0,50340348.0,50396354.0,56242680.0,60418227.0,55562992.0,55771954.0,56186176.0,59555362.0,63268925.0,62463136.0,63074085.0,61448097.0,61826582.0,66194432.0,67638219.0,72713901.0,74012136.0,74445442,72150391,69116998,68601715,62621657,68343104,66609990,63439008,64096680,60415457,61553720,61968092,64157672,61304388,62726774,57321404,60162708.9
Azerbaijan,AZ,0.0,0.0,0.0,0.0,0.0,0.0,0.0,0.0,0.0,0.0,0.0,0.0,0.0,0.0,0.0,0.0,0.0,0.0,0.0,0.0,0.0,0.0,0.0,0.0,0.0,0.0,0.0,0.0,0.0,0.0,53483702.0,52059429.0,42438849.0,37359606.0,33277753.0,32372420.0,27072982.0,26273674.0,26255564.0,25764911.0,27305747.0,25834096.0,25514806.0,27832395.0,27404575.0,29018489,29396290,26640221,28736329,24420736,23437456,26362023,28799528,29361774,30706757,30539929,31110111,30729755,31271164,34051110,32925750,36236690.4
Belgium,BE,87611104.0,87712353.0,95073646.0,105716250.0,103804846.0,106247751.0,102058964.0,102299235.0,112347145.0,117124650.0,120717948.0,117980409.0,127971686.0,133081563.0,130928862.0,115556917.0,124648283.0,123416566.0,128767615.0,132333205.0,125549715.0,115083487.0,108702242.0,99939941.0,101884815.0,100991897.0,101276348.0,101340339.0,103036148.0,104379202.0,106488647.0,111080073.0,109240269.0,107026349.0,111722421.0,111313683.0,116439404.0,113472717.0,116237806.0,112401484.0,114004607.0,115382773.0,107857199.0,112569091.0,110513776.0,108026152,104969543,100818774,103682352,97109416,104290802,93726151,92632553,94009640,87719413,92748011,91735554,90296356,90989244,90170393,82730097,86735336.0
Benin,BJ,0.0,0.0,0.0,0.0,0.0,0.0,0.0,0.0,0.0,0.0,0.0,304678.0,399858.0,409581.0,421428.0,462751.0,280361.0,334802.0,382204.0,382315.0,394843.0,299892.0,363766.0,364559.0,378828.0,472814.0,409385.0,359890.0,356206.0,281353.0,256412.0,199848.0,208945.0,208966.0,215168.0,221525.0,907229.0,1159368.0,1214660.0,1340466.0,1424519.0,1735140.0,2020220.0,2276874.0,2434437.0,2677863,3245668,3786198,3835942,4193752,4582754,4419508,4208053,4463349,4970069,5291288,6528711,6663321,7211733,7087853,7611394,0.0
Bangladesh,BD,0.0,0.0,0.0,0.0,0.0,0.0,0.0,0.0,0.0,0.0,0.0,2879934.0,2879934.0,3415264.0,3895908.0,4409654.0,4682437.0,4803017.0,5190365.0,5700371.0,6581847.0,6374086.0,6885417.0,6433646.0,6390676.0,7705068.0,8522215.0,9400715.0,9761224.0,10495720.0,11423971.0,10752097.0,11748149.0,12495181.0,13471703.0,16485473.0,16671599.0,18741427.0,18980911.0,19674570.0,19982344.0,24699421.0,26399606.0,27794844.0,29741979.0,31960244,35202812,37310312,40881798,44050973,49807560,53614876,58310183,62205794,65530578,72035203,79988114,86440630,94533180,91131634,84086349,0.0
Bulgaria,BG,0.0,0.0,0.0,0.0,0.0,0.0,0.0,0.0,0.0,0.0,0.0,63830958.0,65873207.0,67731105.0,68778880.0,73315187.0,73199135.0,75957976.0,79019714.0,82248604.0,85032429.0,81057132.0,82702959.0,81280696.0,79378318.0,82206429.0,83164010.0,84220593.0,83155829.0,82559497.0,71463722.0,57561475.0,54267135.0,54771192.0,52283047.0,52889779.0,53340708.0,51421619.0,49359462.0,43215987.0,42209129.0,44957560.0,42384938.0,46660274.0,45821723.0,46367551,47404777,50619688,48139278,41924804,43933253,48850312,44041775,38769145,41143318,43451485,40392660,42646106,39674189,38021935,33072088,40680595.6
Bahrain,BH,0.0,0.0,0.0,0.0,0.0,0.0,0.0,0.0,0.0,0.0,0.0,2893750.0,3301257.0,4267854.0,5049697.0,5229829.0,5684432.0,6297152.0,6677345.0,7137318.0,7239605.0,7762380.0,8140446.0,8467067.0,8662289.0,9099749.0,9775501.0,9615616.0,10109308.0,10268702.0,10675729.0,10284440.0,12181818.0,12974429.0,13280914.0,13456696.0,14078403.0,14347743.0,15398641.0,15390126.0,15842063.0,16352614.0,17196578.0,17897056.0,17784936.0,20554333,22344176,22856207,24605442,24465351,25535491,25557581,26704685,28253066,29750948,30051564,29616471,29761405,30148305,32595476,32123249,0.0
Bosnia and Herzegovina,BA,0.0,0.0,0.0,0.0,0.0,0.0,0.0,0.0,0.0,0.0,0.0,0.0,0.0,0.0,0.0,0.0,0.0,0.0,0.0,0.0,0.0,0.0,0.0,0.0,0.0,0.0,0.0,0.0,0.0,0.0,23965570.0,21440971.0,15905387.0,13343319.0,3064876.0,3279823.0,4129145.0,8415171.0,10645188.0,10401709.0,13718183.0,13500826.0,14218710.0,14546432.0,15186631.0,15857733,17462209,18415091,20240067,20204612,20482654,23400916,21645155,21510462,19185452,19320042,22034940,22344651,22235167,20759037,20516074,23038033.0
Belarus,BY,0.0,0.0,0.0,0.0,0.0,0.0,0.0,0.0,0.0,0.0,0.0,0.0,0.0,0.0,0.0,0.0,0.0,0.0,0.0,0.0,0.0,0.0,0.0,0.0,0.0,0.0,0.0,0.0,0.0,0.0,99829953.0,96217826.0,86840385.0,75355364.0,64015897.0,56945159.0,57816458.0,58195092.0,56288150.0,54072683.0,52105639.0,50898021.0,50771260.0,51361925.0,54452383.0,54998607,57222134,55709905,58423741,55303297,59473652,56359757,57549323,57521164,56778838,52602321,52995363,54020043,57108551,55405158,52499511,0.0
Bolivia,BO,0.0,0.0,0.0,0.0,0.0,0.0,0.0,0.0,0.0,0.0,0.0,2137617.0,2374368.0,2506098.0,2748789.0,3216940.0,3515383.0,3747479.0,4078216.0,4041869.0,4225198.0,4568792.0,4873790.0,4977587.0,4547748.0,4410087.0,4161601.0,4338696.0,4355049.0,4736779.0,5204927.0,5272920.0,5501739.0,5805997.0,6331921.0,7102781.0,6888784.0,6992002.0,7270065.0,6831349.0,6921622.0,6885342.0,7385413.0,7858443.0,8440995.0,8961761,9825165,11039402,11775942,12482476,13602435,14816007,15781842,16838396,18067461,18532100,19835610,20154939,20348367,20239953,17060668,0.0
Brazil,BR,0.0,0.0,0.0,0.0,0.0,0.0,0.0,0.0,0.0,0.0,0.0,87488618.0,95128793.0,112093045.0,121863943.0,129646104.0,143135226.0,147011253.0,160177522.0,169725767.0,167829834.0,156514892.0,156529422.0,148589540.0,148697697.0,156553207.0,175165303.0,179818274.0,182959004.0,185071190.0,184756533.0,191714470.0,196274600.0,203481823.0,210993031.0,228340014.0,246643505.0,263840218.0,271614498.0,281592798.0,294623324.0,301499091.0,301086306.0,295614793.0,313261274.0,314120842,317745882,333373412,352240154,327784580,374441874,392760974,426043242,457511313,481638424,457606682,421775777,433263559,411347802,410986799,388787761,439120397.0
Brunei,BI,0.0,0.0,0.0,0.0,0.0,0.0,0.0,0.0,0.0,0.0,0.0,398050.0,385554.0,685174.0,1142141.0,1408173.0,1851650.0,1985738.0,1870860.0,1964150.0,2639083.0,2592829.0,2706274.0,2906486.0,2931128.0,2945928.0,2939511.0,2994496.0,3132615.0,3109555.0,3260338.0,3384467.0,3585430.0,3864770.0,4138511.0,4502607.0,4712813.0,5087993.0,4313865.0,4189516.0,4425618.0,4311228.0,4361483.0,5249015.0,4920269.0,4823126,7216328,6844039,7223355,7433705,6861946,7013411,6969681,6853818,6697140,5977692,6411543,6710178,7143329,6661078,9200562,0.0
Botswana,BW,0.0,0.0,0.0,0.0,0.0,0.0,0.0,0.0,0.0,0.0,0.0,148852.0,192178.0,257214.0,447900.0,554881.0,810643.0,925559.0,1046412.0,1191878.0,1258945.0,1376530.0,1436260.0,1407255.0,1402081.0,1500972.0,1727264.0,1792776.0,2152098.0,2371309.0,2807401.0,2734687.0,3298271.0,3249688.0,3080084.0,3189755.0,2915882.0,3065988.0,3682200.0,3858490.0,4033845.0,3865552.0,4026662.0,3915011.0,3970324.0,4278592,4086871,4319812,4392729,4090280,3271367,3877560,3408638,5415702,6983139,6943853,6623492,7331674,8060987,7198286,5760194,0.0
Canada,CA,186915400.0,191432793.0,204379093.0,217088560.0,232370344.0,249900563.0,260811324.0,276094714.0,296555386.0,309323520.0,332071507.0,340230956.0,357909211.0,375653582.0,385344416.0,377105855.0,389220686.0,401597004.0,403135725.0,417314400.0,422262325.0,402774749.0,385667480.0,379044855.0,394376071.0,393880167.0,385751236.0,396623973.0,426681216.0,442250267.0,409258109.0,403722436.0,416541867.0,413572135.0,428838455.0,438546780.0,452765162.0,467458362.0,474199734.0,483715246.0,503455816.0,496160270.0,514445172.0,534262322.0,526180994.0,538929319,529557373,560119980,539962702,512588399,526287546,538737917,537319507,546804185,551865869,549060338,548250486,558726088,570016412,556779803,508075791,528849992.5
Switzerland,CH,17923155.0,18453799.0,20989009.0,26375064.0,25278377.0,27227956.0,27241847.0,28345257.0,30600131.0,33456559.0,37084060.0,38918813.0,39387906.0,42985846.0,38506848.0,36753441.0,38581554.0,38995933.0,40108769.0,38652900.0,39262145.0,36929691.0,34942010.0,39073131.0,38547587.0,41772730.0,41673944.0,40019383.0,39873310.0,39475012.0,40745537.0,43418813.0,43594563.0,41539021.0,40482996.0,41450386.0,42214998.0,41141318.0,42640290.0,42922109.0,41983768.0,43396658.0,41882314.0,43185481.0,43531910.0,44003701,43626267,41656230,43104464,41820623,43252821,39267287,40708557,41698174,37913302,37375789,37897517,36938972,35743296,35644340,33237065,32923053.7
Chile,CL,0.0,0.0,0.0,0.0,0.0,0.0,0.0,0.0,0.0,0.0,0.0,21036435.0,20642586.0,20006579.0,19709771.0,17111657.0,17892473.0,18680602.0,19391089.0,20630206.0,21405335.0,21301263.0,18387386.0,19013298.0,20216264.0,19631224.0,20226546.0,20510085.0,24809150.0,30009387.0,29435279.0,28268570.0,29209383.0,30973457.0,34000850.0,37075351.0,42914604.0,49430175.0,50089611.0,52634704.0,48623714.0,46674236.0,47427100.0,48616652.0,53349052.0,54434634,55677498,63075016,66533464,64212781,68604765,75316670,77235782,81861940,75468877,81127194,85258183,86158749,85761725,90985707,83860886,86888052.4
China,CN,0.0,0.0,0.0,0.0,0.0,0.0,0.0,0.0,0.0,0.0,0.0,780185035.0,831391074.0,864162164.0,881732495.0,1029319440.0,1071332089.0,1212911796.0,1371803873.0,1396172436.0,1363829588.0,1356638636.0,1413444354.0,1484993606.0,1619385521.0,1626027131.0,1721417906.0,1842602848.0,1985477642.0,2055351947.0,2088854238.0,2200885206.0,2295775295.0,2500729949.0,2599502900.0,2900265046.0,2871980724.0,2925748702.0,3020716711.0,2920896797.0,3097355244.0,3253464272.0,3508939165.0,4065495758.0,4739587417.0,5407397495,5961796428,6473259682,6668970995,7130926973,7830589010,8569030639,8822047356,9227215177,9238463330,9133352153,9114202821,9328119398,9777115828,9932099249,10081335890,0.0
CÃ´te d'Ivoire,CI,0.0,0.0,0.0,0.0,0.0,0.0,0.0,0.0,0.0,0.0,0.0,2401772.0,2652976.0,2710676.0,2808985.0,3038340.0,3483598.0,3414592.0,3983024.0,3653702.0,3390969.0,2986688.0,2963288.0,3738631.0,3337323.0,3046744.0,3077344.0,3049392.0,3061432.0,2928331.0,2705417.0,2791494.0,2772149.0,2957320.0,3093579.0,3262483.0,3875068.0,4786685.0,4829400.0,6688638.0,6329922.0,6258311.0,6377864.0,5150728.0,5418416.0,5813001,5627601,5548482,6361280,5894834,6200125,5949032,7849730,8547982,9042502,9662188,9402486,10430666,10103273,10747355,10805529,0.0
Cameroon,CM,0.0,0.0,0.0,0.0,0.0,0.0,0.0,0.0,0.0,0.0,0.0,734006.0,769923.0,797873.0,795467.0,1019224.0,930459.0,1332718.0,1429745.0,1542130.0,1668316.0,1754799.0,1878459.0,2044363.0,2140803.0,2378233.0,2296648.0,2278816.0,2492939.0,2724862.0,2643756.0,2433156.0,2273586.0,2416963.0,2550265.0,2459446.0,2443261.0,2569145.0,2684373.0,2401607.0,2788281.0,2706746.0,2896222.0,2983401.0,3014278.0,2935781,3106070,4118061,4269435,4809731,5050631,4910277,5051146,5547894,6171177,5972625,6173181,6284189,6823468,6678700,6835817,0.0
Congo [DRC],C],0.0,0.0,0.0,0.0,0.0,0.0,0.0,0.0,0.0,0.0,0.0,2576893.0,2643358.0,2622550.0,2689700.0,2620726.0,2690006.0,2805207.0,2861161.0,3202245.0,3167521.0,3386280.0,2635672.0,3581413.0,3474444.0,3254053.0,3005598.0,3316847.0,3483364.0,3300299.0,2989672.0,1635402.0,1411200.0,1372550.0,1214963.0,1142631.0,1152152.0,1151975.0,1273899.0,1258376.0,852804.0,713348.0,770713.0,937636.0,1013146.0,1281832,1393429,1543003,1715975,1737353,1869246,2344660,2271174,3476123,4656709,2734926,1979013,2201742,2123187,2211141,2329464,0.0
Congo [Republic],C],0.0,0.0,0.0,0.0,0.0,0.0,0.0,0.0,0.0,0.0,0.0,573467.0,605685.0,599404.0,603605.0,606426.0,743150.0,635409.0,679201.0,653601.0,692372.0,724337.0,800208.0,805278.0,728154.0,759835.0,686928.0,721913.0,673758.0,660974.0,638889.0,682875.0,612804.0,594020.0,387831.0,536664.0,422885.0,319257.0,326816.0,373629.0,497599.0,634625.0,503656.0,752223.0,781170.0,843574,1022379,1096506,1371940,1569329,1833183,2093550,2228669,2519775,2621257,3164794,2978360,2848698,2964305,3571950,3543843,0.0
Colombia,CO,0.0,0.0,0.0,0.0,0.0,0.0,0.0,0.0,0.0,0.0,0.0,26678965.0,27327007.0,28665865.0,30819718.0,28247713.0,29980093.0,31009192.0,32993749.0,33351682.0,34777430.0,34905122.0,35464701.0,37319712.0,37763082.0,39433073.0,40044675.0,42493124.0,42961289.0,44697722.0,46311403.0,48047739.0,49979368.0,52750117.0,52741763.0,55001949.0,54766268.0,59344105.0,59569560.0,51881834.0,54603882.0,55056673.0,52895408.0,52222113.0,52243851.0,53307842,53344277,54425872,55157126,57951166,59166149,63898296,63543733,71472412,73370845,74064615,77172226,69523023,73198195,72793652,73180519,62389266.6
Costa Rica,CR,0.0,0.0,0.0,0.0,0.0,0.0,0.0,0.0,0.0,0.0,0.0,1273221.0,1424178.0,1629287.0,1576507.0,1738003.0,1801650.0,2280722.0,2444064.0,2430977.0,2158296.0,2017838.0,1684629.0,1729670.0,1845311.0,1948536.0,2056879.0,2203897.0,2309376.0,2628473.0,2603601.0,2759831.0,3847132.0,3811091.0,4446770.0,4438795.0,4171403.0,4091782.0,4551688.0,4564630.0,4499251.0,4914960.0,5019293.0,5327916.0,5323070.0,5452776,5987884,6680335,6681074,6368384,6603763,6883699,6902682,7211384,7250817,6917649,7535906,7644729,7647064,7483442,6590604,7419255.7
Cuba,CU,0.0,0.0,0.0,0.0,0.0,0.0,0.0,0.0,0.0,0.0,0.0,20813546.0,20234647.0,21702838.0,23557074.0,24184624.0,25137717.0,27472378.0,29714283.0,29685228.0,30492048.0,30381753.0,30518624.0,33202575.0,34643657.0,32178767.0,32761965.0,34603885.0,36520609.0,37747625.0,34116558.0,26562558.0,21231716.0,19635145.0,21148496.0,22448802.0,24405487.0,26408517.0,26062031.0,26910849.0,27349336.0,26471341.0,25246515.0,24508789.0,24229991.0,25057237,25448535,26318717,25473190,25761744,27085435,26568455,27658899,27843129,25789448,28375538,26414645,25589396,25934400,23760684,23846913,0.0
Cyprus,CY,0.0,0.0,0.0,0.0,0.0,0.0,0.0,0.0,0.0,0.0,0.0,1744456.0,2170397.0,2275467.0,1735447.0,1658258.0,1939370.0,2115335.0,2233691.0,2428702.0,2574554.0,2528048.0,2571672.0,2621280.0,2739296.0,2765082.0,3033896.0,3595126.0,3650016.0,3814409.0,3923505.0,4480060.0,4794208.0,4988922.0,5194083.0,5097020.0,5400355.0,5524770.0,5870533.0,6130982.0,6364955.0,6247100.0,6402526.0,7083106.0,6971117.0,7112604,7178428,7494674,7672482,7602996,7343264,7088615,6594251,5675439,5838013,5974808,6336003,6438273,6350434,6401781,5889455,6081087.5
Czech Republic,CZ,0.0,0.0,0.0,0.0,0.0,0.0,0.0,0.0,0.0,0.0,0.0,153472803.0,152415259.0,149353694.0,148492885.0,154982193.0,159828856.0,169335137.0,169142972.0,178418331.0,171763110.0,172421370.0,175539202.0,176717572.0,179347361.0,179267565.0,179119990.0,179765717.0,176359092.0,169120236.0,153149300.0,139757089.0,134374422.0,128787162.0,122991719.0,122514038.0,126367728.0,123922830.0,117699278.0,110396860.0,122779704.0,122712275.0,118806881.0,121887888.0,122158977.0,120268622,120805584,122389771,116722340,111680061,112698620,109555108,105803154,101578348,98477642,99609471,101300009,101821920,100866283,95735909,86944166,91261589.5
Germany,DE,540038891.0,546839379.0,580747914.0,620705247.0,632721077.0,637541006.0,625941916.0,618684052.0,653909650.0,711164168.0,981825875.0,978142404.0,1001573959.0,1052182398.0,1025899087.0,973365909.0,1029249705.0,1013471761.0,1051706583.0,1099049164.0,1048150693.0,1015866940.0,974527147.0,976079878.0,995679968.0,1004256098.0,1006959344.0,997133446.0,989620447.0,965797773.0,940007684.0,917644162.0,877601541.0,871821904.0,859106392.0,856596915.0,887062102.0,854919715.0,846943854.0,814959373.0,812311609.0,831479218.0,817901900.0,820688397.0,804624916.0,786931575,798681856,767019443,773893186,720182159,758848376,731241595,745141593,763651811,723111731,729684402,734487154,718794174,694540151,645403512,589990545,621991376.4
Denmark,DK,30951392.0,31938062.0,36032457.0,39669265.0,40211295.0,42733157.0,46202382.0,44981410.0,48575783.0,56196952.0,59489236.0,55421772.0,57404664.0,56252823.0,50016810.0,52645648.0,58309554.0,59935162.0,59551370.0,63078842.0,63060801.0,52871383.0,55048467.0,51689977.0,53285354.0,61031807.0,61596683.0,59815039.0,55990847.0,50176541.0,50964800.0,61215992.0,55332768.0,57714537.0,61628742.0,58403666.0,71665474.0,61911204.0,57985335.0,54799405.0,50789522.0,52378975.0,52086922.0,57483606.0,51820692.0,48473529,56400684,51641871,48684031,46947104,47274360,42051581,37154228,38876074,34690311,32544845,33962618,31760249,31758519,28352746,25919737,28448483.8
Dominican Republic,DO,0.0,0.0,0.0,0.0,0.0,0.0,0.0,0.0,0.0,0.0,0.0,3485648.0,4572649.0,4636073.0,4998163.0,5213329.0,5347045.0,5677994.0,5829988.0,6150973.0,6329212.0,6000195.0,5794147.0,6757597.0,7088447.0,6234306.0,7069608.0,8082915.0,8133109.0,8668528.0,7403191.0,7697152.0,9032718.0,8973932.0,10590285.0,11221463.0,12025153.0,13717811.0,15810708.0,16819820.0,17602608.0,17821675.0,19603102.0,17513200.0,16184203.0,17549841,18833473,18982779,18910278,18134249,19065771,19351941,20076506,19637215,19505703,21581456,22588535,21514348,23261030,23587224,20904270,0.0
Algeria,DZ,0.0,0.0,0.0,0.0,0.0,0.0,0.0,0.0,0.0,0.0,0.0,8595347.0,9643154.0,10996327.0,11943385.0,13552694.0,15944810.0,17722054.0,21523505.0,26979872.0,27736565.0,32119228.0,38234969.0,41829319.0,40808137.0,42073253.0,47293708.0,47134176.0,49544459.0,49546802.0,51174701.0,54725081.0,54956878.0,56699650.0,54611561.0,55336862.0,54892603.0,55994961.0,57524501.0,60924707.0,61507560.0,63016764.0,68148429.0,71983745.0,73376920.0,77474130,80759469,84879694,88128544,94441442,95640223,102892959,112487661,115833393,123184624,130489920,127886350,130543774,137299939,142353661,134515064,0.0
Ecuador,EC,0.0,0.0,0.0,0.0,0.0,0.0,0.0,0.0,0.0,0.0,0.0,3494978.0,3521572.0,3967888.0,5235338.0,5935604.0,6862997.0,8096243.0,9238904.0,9699261.0,10407166.0,11801047.0,11823018.0,11093483.0,11188183.0,11665556.0,11915399.0,11624474.0,12291645.0,12022618.0,13321492.0,13914198.0,14826013.0,14044413.0,14908078.0,16691131.0,19210790.0,20436570.0,20406811.0,17882238.0,18307380.0,20320487.0,20465614.0,20749742.0,22063981.0,23831727,25623491,25993721,26471440,29172385,31579853,32059407,33295513,35664658,37395792,37180709,35538147,34383409,36369555,35790890,30590985,0.0
Egypt,EG,0.0,0.0,0.0,0.0,0.0,0.0,0.0,0.0,0.0,0.0,0.0,20050234.0,22538560.0,20696799.0,23432926.0,25581444.0,29858133.0,32001619.0,32949601.0,36356824.0,40751362.0,46634152.0,50365321.0,56312819.0,61788595.0,64473872.0,65698859.0,70823774.0,72056439.0,75788301.0,77862966.0,77264631.0,80102356.0,81887285.0,76629593.0,81466137.0,85962443.0,92827128.0,97785352.0,102147252.0,100104957.0,111733308.0,113490667.0,117819171.0,128526056.0,145027708,152133593,163594545,170863898,174449011,176921993,182786033,189228063,189365925,193349392,199544529,207509525,218556626,212913245,194024395,188372414,0.0
Eritrea,ER,0.0,0.0,0.0,0.0,0.0,0.0,0.0,0.0,0.0,0.0,0.0,0.0,0.0,0.0,0.0,0.0,0.0,0.0,0.0,0.0,0.0,0.0,0.0,0.0,0.0,0.0,0.0,0.0,0.0,0.0,0.0,0.0,435708.0,630669.0,712288.0,776324.0,851347.0,799670.0,592788.0,628059.0,615037.0,674762.0,661117.0,667038.0,685582.0,572038,511891,499067,432032,450531,485624,534730,537389,499863,503061,493360,502986,500126,569205,588676,597935,0.0
Spain,ES,53611150.0,57809225.0,60694024.0,62235653.0,67407041.0,70183982.0,76290921.0,83661824.0,93331995.0,100093547.0,109152398.0,119087492.0,125005222.0,139380677.0,150904352.0,155843041.0,172513826.0,165222225.0,164244725.0,174772942.0,186254122.0,190241666.0,184473437.0,187942251.0,178735175.0,173024021.0,177339513.0,178122654.0,181317427.0,198712406.0,202670598.0,210399736.0,221929588.0,208165769.0,216952715.0,228207254.0,218003174.0,235853132.0,242405531.0,263870515.0,278584320.0,279776769.0,297223349.0,302617664.0,319270327.0,333709777,325036264,337863101,309884215,276731219,262940630,265947090,261526404,236152943,233082860,248035194,238838137,255274706,248706185,232822451,194513800,210796569.2
Estonia,EE,0.0,0.0,0.0,0.0,0.0,0.0,0.0,0.0,0.0,0.0,0.0,0.0,0.0,0.0,0.0,0.0,0.0,0.0,0.0,0.0,0.0,0.0,0.0,0.0,0.0,0.0,0.0,0.0,0.0,0.0,34544901.0,31869196.0,22695202.0,18103967.0,18355631.0,16150219.0,17118454.0,17462422.0,16024318.0,15126309.0,14558818.0,14851922.0,14438774.0,16346667.0,16390249.0,16434798,15676314,19169144,16878759,13790933,18190038,18086481,16581594,18447425,17172967,14171484,15721987,16466692,15419071,9765213,7077405,8301246.8
Ethiopia,ET,0.0,0.0,0.0,0.0,0.0,0.0,0.0,0.0,0.0,0.0,0.0,1307976.0,1207798.0,1298756.0,1321790.0,1178110.0,1184784.0,1165957.0,1253924.0,1320170.0,1351695.0,1489751.0,1352898.0,1452572.0,1345737.0,1385977.0,1636789.0,1861750.0,1929515.0,2032090.0,2171078.0,2214169.0,1394400.0,1798312.0,2072112.0,2325783.0,2589803.0,2753032.0,2923389.0,2918312.0,3201238.0,4038851.0,4210465.0,4570982.0,4810595.0,4427913,4725167,5334064,5782259,5884376,5841199,6755181,7201985,8441804,10388325,10140309,11953183,12356388,13347445,13988020,14338973,0.0
Finland,FI,14214168.0,14131220.0,15912172.0,18319294.0,20835966.0,23847492.0,26607531.0,27331737.0,30972852.0,36234273.0,40209671.0,39854757.0,43610247.0,47924706.0,44208844.0,44188917.0,50402788.0,50029070.0,54638502.0,54120236.0,54865628.0,45547032.0,44086131.0,42605679.0,43959901.0,48284914.0,48450357.0,52188243.0,51473099.0,51503329.0,53833610.0,54563823.0,51806988.0,53100465.0,59564032.0,55714578.0,62192974.0,60173993.0,56817756.0,56031327.0,54592688.0,60584543.0,62954778.0,71241465.0,67154133.0,54918043,66450990,64497212,56040308,53795592,62000673,54565616,48910861,49709513,45692936,42353333,45147080,42411724,43793833,40403563,35760185,35916403.0
France,FR,265931475.0,274574230.0,296836905.0,313548205.0,331666539.0,329472963.0,325304141.0,343308949.0,356463783.0,378244834.0,407712983.0,423373262.0,438776231.0,474377986.0,456558521.0,423108047.0,463082467.0,448854244.0,467903295.0,474560633.0,455214051.0,407159088.0,389602131.0,373927891.0,361496257.0,351797985.0,341624471.0,335131586.0,333553920.0,349263213.0,345357902.0,370301331.0,359312740.0,340932562.0,335700427.0,343648115.0,359523640.0,351029466.0,372496344.0,366617640.0,364674799.0,368205343.0,362524159.0,368282713.0,368883466.0,371708144,362433980,353574220,349331244,336203512,340052059,326966868,330813375,331127813,298997260,304521188,307168433,311212725,300232050,293739197,260942652,286543059.2
Gabon,GA,0.0,0.0,0.0,0.0,0.0,0.0,0.0,0.0,0.0,0.0,0.0,475371.0,472551.0,610544.0,559380.0,757319.0,1172804.0,1324602.0,1743004.0,1331937.0,1290714.0,1621632.0,1758262.0,1821704.0,1507273.0,1682488.0,1477157.0,1277949.0,1442298.0,1130406.0,910008.0,1074154.0,1112749.0,1202799.0,1165391.0,1315246.0,1415124.0,1522005.0,1617797.0,1522470.0,1465254.0,1477057.0,1385142.0,1388737.0,1431414.0,1733485,1802160,1938413,2011919,2083407,2659945,2982028,3123821,3279857,3247752,3249011,3462650,2519321,2463145,2454752,2523218,0.0
United Kingdom,GB,564605617.0,558299150.0,574046731.0,590746294.0,588416299.0,601074097.0,582876293.0,576604496.0,578936945.0,598785274.0,619702188.0,621136913.0,602249049.0,634238978.0,595189739.0,576041678.0,582095187.0,592909710.0,591088378.0,623134969.0,570574002.0,554444850.0,541404192.0,533135429.0,516151536.0,543545262.0,558074689.0,562619047.0,561127250.0,547411859.0,549390011.0,560129215.0,547520737.0,530617893.0,523225784.0,513796422.0,533808846.0,511895623.0,514529284.0,511948885.0,520562588.0,535303236.0,521177335.0,533471636.0,533390964.0,531648669,532899880,521733018,507897104,460083887,476830942,439235531,461492965,447019328,408672350,394018994,374900339,359712378,353752397,339248383,302613165,333446621.4
Georgia,GE,0.0,0.0,0.0,0.0,0.0,0.0,0.0,0.0,0.0,0.0,0.0,0.0,0.0,0.0,0.0,0.0,0.0,0.0,0.0,0.0,0.0,0.0,0.0,0.0,0.0,0.0,0.0,0.0,0.0,0.0,33488258.0,25505906.0,19869603.0,15971906.0,10403349.0,8136847.0,6328856.0,5482123.0,4909639.0,4384622.0,4632649.0,3381844.0,2819756.0,3019990.0,3204913.0,4065656,4525622,5453393,4666914,5292218,4995027,5953731,6609908,7404987,8033491,8728100,9123291,9121669,8969159,9526618,9307487,9273382.6
Ghana,GH,0.0,0.0,0.0,0.0,0.0,0.0,0.0,0.0,0.0,0.0,0.0,1915098.0,2007377.0,2079690.0,2181189.0,2305818.0,2348777.0,2507349.0,2527553.0,2213717.0,2190291.0,2677404.0,2276178.0,1491150.0,1785739.0,2067234.0,2202734.0,2297404.0,2363984.0,2613732.0,2516857.0,2257202.0,2657613.0,2696473.0,2914599.0,3184394.0,3483325.0,3604618.0,5438717.0,5818927.0,4949505.0,5444546.0,6656509.0,6370410.0,5869142.0,6306508,7725022,8355755,7871324,9253816,10338014,10734877,12785650,13714593,13113853,14031035,14208306,14473376,16413149,17666347,19035398,0.0
Equatorial Guinea,GQ,0.0,0.0,0.0,0.0,0.0,0.0,0.0,0.0,0.0,0.0,0.0,0.0,0.0,0.0,0.0,0.0,0.0,0.0,0.0,0.0,0.0,82650.0,63399.0,41266.0,44311.0,41429.0,47624.0,50684.0,57041.0,76292.0,69576.0,72561.0,72561.0,75545.0,81858.0,88052.0,120137.0,184040.0,216678.0,254734.0,367418.0,418416.0,683189.0,760447.0,3118540.0,3190644,3240201,3904916,3584580,4147637,4028298,4486998,4684315,4782929,4760418,4429650,4989137,4818269,4511653,4319693,3806721,0.0
Greece,GR,7322287.0,8310326.0,8977359.0,9631859.0,11393253.0,12754697.0,14325182.0,15869000.0,17124109.0,19211394.0,21418281.0,25064815.0,28936554.0,33724807.0,32259338.0,34099717.0,38825879.0,40195782.0,42652071.0,44884600.0,45176142.0,44651873.0,45941543.0,49128441.0,50822520.0,54479901.0,54349543.0,59811273.0,63806074.0,68754275.0,69857367.0,70101974.0,72315889.0,72215903.0,73814840.0,76478485.0,76379728.0,77353692.0,80744241.0,81029466.0,87923582.0,90041816.0,90283202.0,93848627.0,93480598.0,95156324,94103838,97902891,94351620,90158180,83369470,82117228,76986345,68845177,65726678,64543218,63076623,63110531,61602208,56630294,48024165,48447407.8
Guatemala,GT,0.0,0.0,0.0,0.0,0.0,0.0,0.0,0.0,0.0,0.0,0.0,2264190.0,2493150.0,2630933.0,2714006.0,3015686.0,2897052.0,3342738.0,3754940.0,4215270.0,4213934.0,3635699.0,3189331.0,2746414.0,3094064.0,3183813.0,2319766.0,2719942.0,2905737.0,3037567.0,3206929.0,3413926.0,4232249.0,4636806.0,4930079.0,5875032.0,5735081.0,6018716.0,7664426.0,7535848.0,8607970.0,8993885.0,9654432.0,9735015.0,9870259.0,10572176,10574416,11440164,10279349,11291453,10378604,10660894,11064715,11892292,12641478,15032865,16148876,15196132,16900742,17897831,15613190,0.0
Hong Kong,HK,0.0,0.0,0.0,0.0,0.0,0.0,0.0,0.0,0.0,0.0,0.0,9229432.0,9559367.0,9629659.0,11005085.0,10897089.0,12604471.0,14560916.0,15459230.0,14364527.0,14686988.0,15747612.0,18192589.0,21440787.0,23641505.0,24672008.0,28202530.0,28674159.0,31756412.0,33067002.0,34195117.0,37440991.0,41856339.0,42750837.0,36171572.0,36740895.0,34235797.0,33161688.0,41467615.0,44386784.0,40746239.0,40825095.0,39956607.0,43536317.0,39796088.0,42094154,41626804,43735779,42300800,44487662,41454243,44388914,43838704,45166044,46483697,43165261,44041883,43257498,43159741,42634202,34369618,0.0
Honduras,HN,0.0,0.0,0.0,0.0,0.0,0.0,0.0,0.0,0.0,0.0,0.0,1123192.0,1158467.0,1266173.0,1249289.0,1327971.0,1421382.0,1578267.0,1584455.0,1684669.0,1695725.0,1611652.0,1595442.0,1762725.0,1864606.0,1671582.0,1701310.0,1900198.0,2095412.0,2318728.0,2177192.0,2163136.0,2463117.0,2601679.0,2999878.0,3575392.0,3520901.0,3620726.0,4324058.0,4360525.0,4487715.0,5290766.0,5620189.0,6246160.0,7035836.0,6459433,7355099,7892919,7939095,7436062,7320475,8802821,9219955,8992790,9222091,9815286,9612273,8466953,8197864,9431032,8201753,0.0
Croatia,HR,0.0,0.0,0.0,0.0,0.0,0.0,0.0,0.0,0.0,0.0,0.0,0.0,0.0,0.0,0.0,0.0,0.0,0.0,0.0,0.0,0.0,0.0,0.0,0.0,0.0,0.0,0.0,0.0,0.0,0.0,20341383.0,14744851.0,14204611.0,14854074.0,14031001.0,14830302.0,14571807.0,16267725.0,17666434.0,17384620.0,16777443.0,17752970.0,18852710.0,20180904.0,19582658.0,19903043,19963277,21210026,20158318,19058858,18247279,17945603,16367982,15869574,15011402,15433257,15799847,16120947,15222440,15339300,14413887,17147527.5
Haiti,HT,0.0,0.0,0.0,0.0,0.0,0.0,0.0,0.0,0.0,0.0,0.0,378568.0,355967.0,365385.0,408776.0,412844.0,569452.0,595034.0,645046.0,651935.0,620340.0,521503.0,668709.0,749612.0,779134.0,796137.0,740572.0,812901.0,886395.0,934805.0,934148.0,893794.0,814937.0,651536.0,189015.0,902323.0,1058212.0,1274188.0,1309950.0,1381721.0,1473308.0,1514221.0,1705446.0,1689309.0,1542671.0,1581574,1600898,1929080,1910092,1872782,2340163,2677973,2386207,2611995,2943579,3202916,3287040,3248729,3212247,3239811,3131520,0.0
Hungary,HU,0.0,0.0,0.0,0.0,0.0,51094843.0,52197660.0,52401630.0,52853652.0,55010416.0,58607794.0,60253993.0,62096771.0,66405318.0,68758533.0,70172709.0,73341083.0,76925831.0,84813745.0,83386443.0,82613644.0,81711327.0,82055388.0,78436297.0,80477088.0,79755472.0,78257251.0,79111380.0,74451866.0,72969751.0,65669979.0,63450196.0,57143078.0,57360438.0,56603263.0,56245319.0,57343904.0,55816080.0,56131297.0,56686536.0,53280264.0,54923444.0,54173920.0,56774935.0,55060802.0,54722182,54161519,52522404,51753214,46866409,47145132,46343688,42748798,40246668,40059462,42708351,43543196,48666725,48321057,46238767,43840533,45997849.1
Indonesia,ID,0.0,0.0,0.0,0.0,0.0,0.0,0.0,0.0,0.0,0.0,0.0,25211612.0,28345325.0,32111295.0,35255924.0,37839826.0,38800366.0,46374743.0,52542092.0,59381316.0,67615846.0,73105932.0,75719577.0,75485867.0,76652795.0,83816752.0,93364563.0,95824334.0,102280289.0,106704713.0,131110898.0,141663559.0,149276035.0,162281720.0,174926912.0,200059850.0,210741445.0,232357904.0,238597202.0,255772167.0,255014313.0,274281072.0,279919898.0,308633468.0,315788371.0,317557701,338973756,355155913,350568312,365808536,391650564,450274884,451385474,417307084,452941862,458648499,449695963,481738165,533033275,571106999,532234807,0.0
India,IN,0.0,0.0,0.0,0.0,0.0,0.0,0.0,0.0,0.0,0.0,0.0,180861920.0,188079509.0,187870822.0,203445602.0,217216287.0,232161027.0,236545422.0,231005028.0,250625546.0,263388500.0,289575726.0,306055535.0,326614704.0,360451971.0,376469535.0,410218518.0,442106627.0,466779652.0,501580184.0,530119285.0,571459823.0,595362937.0,620892636.0,655416511.0,704335434.0,737745054.0,779067923.0,794997549.0,854582385.0,889823972.0,904845429.0,934659184.0,959012734.0,1028271653.0,1074985362,1148464694,1266470405,1349158660,1481611594,1572139627,1662616593,1805420747,1861154198,2027551741,2036119738,2067827119,2184803410,2316495008,2277630548,2074955278,0.0
Ireland,IE,13055142.0,13792329.0,13906722.0,14313660.0,14803175.0,14286806.0,15705482.0,16978994.0,18637530.0,19388236.0,19568831.0,21642664.0,21399217.0,20829591.0,22601027.0,21148870.0,21876159.0,23487669.0,23205516.0,27053334.0,25895837.0,25700614.0,25275324.0,25123352.0,24904511.0,26453225.0,27464475.0,29104186.0,28103304.0,29240265.0,30077498.0,30684708.0,30752361.0,30924610.0,31959655.0,32569200.0,33838207.0,34827500.0,37360019.0,38807324.0,40832532.0,42964322.0,42069759.0,41959803.0,42392636.0,44293479,44915345,44230763,43804299,39256299,39242682,35521783,35832506,34576212,34095472,35435234,37215805,35889055,35557620,33919176,31972159,33827737.6
Iran,IR,0.0,0.0,0.0,0.0,0.0,0.0,0.0,0.0,0.0,0.0,0.0,38903850.0,43018533.0,51987425.0,58706950.0,68032544.0,77827619.0,87472493.0,86548198.0,95753766.0,88499924.0,90517705.0,102307231.0,122994057.0,133200507.0,145047521.0,134598780.0,143967531.0,147478527.0,162747139.0,171245614.0,191270402.0,206421681.0,208881739.0,238343622.0,244569989.0,251257752.0,263606035.0,266084309.0,298555020.0,312265373.0,327350672.0,343057362.0,357393759.0,385876048.0,417780642,449259945,480064819,487344413,504287440,498607870,507801752,514469019,538250929,559171459,555800035,556955230,574674786,586225476,578748662,568045116,0.0
Iraq,IQ,0.0,0.0,0.0,0.0,0.0,0.0,0.0,0.0,0.0,0.0,0.0,10317717.0,11495864.0,11807706.0,12827445.0,15538682.0,19282210.0,20178715.0,22717821.0,26533044.0,26233201.0,25257805.0,27165118.0,31392922.0,33788173.0,37974350.0,42460690.0,44010257.0,49327634.0,54456713.0,52412387.0,43382301.0,66405681.0,86089099.0,96103020.0,93736145.0,92952940.0,109586447.0,81093976.0,59029796.0,72437790.0,82163212.0,77039433.0,68765917.0,73221023.0,71146204,68471964,62715441,72787954,76813922,89154916,92238921,102286930,110533933,105171573,99903464,106182165,118805534,127048089,138368088,121834652,0.0
Iceland,IS,1172309.0,1149843.0,1244776.0,1265955.0,1291844.0,1404999.0,1503449.0,1423401.0,1493248.0,1326226.0,1317560.0,1404192.0,1498085.0,1666275.0,1661571.0,1614157.0,1590450.0,1634358.0,1757920.0,1826956.0,1746981.0,1736250.0,1563521.0,1595157.0,1694824.0,1627919.0,1701378.0,1743663.0,1827492.0,1824250.0,1895898.0,1865972.0,1899651.0,1944589.0,2054057.0,1964286.0,2225900.0,2108493.0,2100158.0,2054977.0,2161026.0,2105560.0,2205535.0,2194304.0,2260165.0,2207300,2250805,2319835,2121787,2079880,1949182,1868728,1859894,2031822,2047533,2057458,1633042,1670967,1699303,1638183,1446610,1577894.3
Israel,IL,0.0,0.0,0.0,0.0,0.0,0.0,0.0,0.0,0.0,0.0,0.0,13759922.0,14430470.0,15653201.0,15823381.0,16410171.0,16484552.0,17385602.0,18580527.0,19008540.0,18852429.0,19640945.0,20935974.0,21780084.0,22670877.0,24310593.0,26721819.0,28996164.0,30701533.0,31953821.0,32819028.0,33329634.0,35555316.0,39047642.0,41855197.0,44875258.0,47061088.0,49248439.0,49315700.0,50710631.0,54845282.0,56132492.0,59259593.0,61002947.0,61176316.0,58797968,62008771,64269716,64479790,63855485,68439221,67513702,73753145,64774388,62367694,64023577,63191880,63919093,59649083,61280860,57440401,57990334.3
Italy,IT,98735219.0,113567672.0,131278330.0,145566149.0,158566290.0,171562440.0,187362179.0,208011696.0,227203842.0,245850431.0,274706347.0,289401860.0,306537251.0,328081933.0,331434410.0,317060307.0,341984762.0,332594158.0,338274617.0,353929429.0,355353186.0,345953201.0,341146179.0,336382580.0,341984101.0,342046885.0,343290860.0,362713597.0,366820724.0,384750302.0,389411983.0,388384128.0,385844311.0,382857911.0,378495511.0,401104969.0,398163469.0,401287301.0,411832176.0,417730612.0,420436632.0,420181390.0,427183051.0,445257756.0,454994798.0,456431826,449184459,441461104,428854473,383717096,391992330,384107414,366677218,337575729,319155267,329662166,325657076,321481224,317125522,309309310,274226138,296712010.8
Jamaica,JM,0.0,0.0,0.0,0.0,0.0,0.0,0.0,0.0,0.0,0.0,0.0,7669716.0,7627309.0,8172027.0,8068342.0,7087567.0,6329946.0,6959163.0,7135733.0,6860220.0,6672568.0,6613605.0,5585654.0,5630447.0,5248246.0,4682808.0,4461181.0,4619027.0,4831638.0,6228706.0,7245730.0,7213088.0,7910694.0,8101211.0,8161736.0,8420209.0,8776455.0,8966682.0,9468210.0,9745164.0,9796827.0,9820251.0,9974697.0,10284457.0,10257021.0,10281842,11745633,11759314,9324848,7503052,7152536,7202750,6619720,7040345,6777855,6670503,7153690,6865432,8270195,8060045,5455172,0.0
Jordan,JO,0.0,0.0,0.0,0.0,0.0,0.0,0.0,0.0,0.0,0.0,0.0,1351478.0,1502173.0,1721909.0,1829317.0,2151025.0,2641021.0,2798023.0,3364461.0,3464197.0,4311927.0,5259262.0,5988904.0,6531471.0,7079123.0,7474582.0,8238996.0,8683860.0,8411899.0,8510955.0,9174481.0,9216634.0,10636273.0,10769786.0,11374282.0,12194147.0,12467323.0,13086609.0,13574961.0,13583796.0,15247143.0,15048858.0,15552488.0,16031807.0,17189910.0,18458990,18766975,19549339,18443026,19271018,18787764,19759767,22711286,22340651,24016096,23737087,23147952,24386806,22985046,22029906,19961063,0.0
Japan,JP,255702833.0,284603607.0,302084862.0,336492063.0,376485217.0,397356826.0,453203743.0,530085605.0,577576792.0,661132104.0,725199360.0,750998480.0,788841544.0,897855210.0,886076965.0,849909997.0,876460172.0,901125478.0,895711280.0,917872352.0,870613152.0,846591661.0,820252682.0,826177183.0,886756930.0,866233818.0,866288567.0,871445914.0,936976607.0,964695243.0,1051808069.0,1063611254.0,1073365134.0,1066366798.0,1118455096.0,1128845443.0,1142086577.0,1132674142.0,1094920475.0,1133944713.0,1149334902.0,1137969493.0,1174340228.0,1181989481.0,1176005692.0,1183194392,1161053284,1197330793,1130286075,1077076247,1132921841,1188795617,1228699422,1240566246,1190746554,1152409108,1138899429,1124405041,1084935314,1048315279,989574724,1006641339.0
Kazakhstan,KZ,0.0,0.0,0.0,0.0,0.0,0.0,0.0,0.0,0.0,0.0,0.0,0.0,0.0,0.0,0.0,0.0,0.0,0.0,0.0,0.0,0.0,0.0,0.0,0.0,0.0,0.0,0.0,0.0,0.0,0.0,237250885.0,246365956.0,252398442.0,216238023.0,194435994.0,170519468.0,148261303.0,125620091.0,128265938.0,115894314.0,112014087.0,109245504.0,119577281.0,134803148.0,146417341.0,156902433,172937357,187204832,230259087,202716188,221101402,234817220,233826782,249159680,197849279,179923385,193400183,206047914,208742084,197526399,204370029,0.0
Kenya,KE,0.0,0.0,0.0,0.0,0.0,0.0,0.0,0.0,0.0,0.0,0.0,3232550.0,3385962.0,3539580.0,3525256.0,3460622.0,3970520.0,4164360.0,4152004.0,4102855.0,4394629.0,4294571.0,4069658.0,3747745.0,4457592.0,4592785.0,5216292.0,5418373.0,5377423.0,5682855.0,5517313.0,5309007.0,5337537.0,5285051.0,5383145.0,5790172.0,6321950.0,6095544.0,6769287.0,7087713.0,8059186.0,7307486.0,7006547.0,6064178.0,6800026.0,7649623,8682366,8599932,9001732,10769371,11575403,11731881,10669338,11865726,13779000,14931269,15967080,16992221,16248935,16507868,15754833,0.0
Kyrgyzstan,KG,0.0,0.0,0.0,0.0,0.0,0.0,0.0,0.0,0.0,0.0,0.0,0.0,0.0,0.0,0.0,0.0,0.0,0.0,0.0,0.0,0.0,0.0,0.0,0.0,0.0,0.0,0.0,0.0,0.0,0.0,22762333.0,20422880.0,13296698.0,9794203.0,6364922.0,4458540.0,5527695.0,5398613.0,5719911.0,4619704.0,4450168.0,3761835.0,4737819.0,5260549.0,5187071.0,4891900,4877132,5963378,7006248,6521635,6040358,7211380,9563712,8720018,9032259,9583246,9070982,8754578,10390811,9093846,8190710,0.0
Cambodia,KH,0.0,0.0,0.0,0.0,0.0,0.0,0.0,0.0,0.0,0.0,0.0,0.0,0.0,0.0,0.0,0.0,0.0,0.0,0.0,0.0,0.0,0.0,0.0,0.0,0.0,0.0,0.0,0.0,0.0,0.0,0.0,0.0,0.0,0.0,0.0,1470828.0,1529809.0,1640639.0,1882193.0,1907148.0,1963006.0,2152610.0,2210863.0,2378217.0,2377826.0,2657485,2963013,3608121,3684166,4397525,4770703,4932808,5187164,5230537,6436668,7779716,9645373,10359515,10239668,12768189,13306812,0.0
South Korea,KR,0.0,0.0,0.0,0.0,0.0,0.0,0.0,0.0,0.0,0.0,0.0,52942062.0,54852829.0,68234471.0,71623931.0,77728222.0,86410592.0,98633923.0,107422637.0,121255918.0,125599661.0,131379039.0,131221844.0,139158984.0,151438050.0,155729600.0,162089281.0,168385191.0,191985975.0,203227412.0,231805813.0,255832695.0,275919887.0,302904409.0,327437090.0,357306006.0,381680344.0,402317576.0,343687195.0,378158520.0,422477344.0,431004047.0,433890083.0,435993919.0,459789616.0,457672117,464712085,477413786,488844473,502089454,550915653,573760776,575466327,574551419,562678580,582047107,588773636,599828358,605486609,587203691,546811779,581937593.9
Kuwait,KW,0.0,0.0,0.0,0.0,0.0,0.0,0.0,0.0,0.0,0.0,0.0,14027985.0,15445086.0,16246104.0,15699757.0,15079403.0,16438765.0,18067626.0,19949201.0,25554700.0,26341316.0,26667730.0,30136316.0,32226900.0,32860605.0,36497433.0,39946071.0,42879842.0,52046532.0,60541232.0,27565518.0,7536999.0,21866099.0,28130162.0,32410674.0,32090246.0,31216790.0,32333398.0,38429465.0,42242544.0,45778830.0,49652745.0,51546102.0,52932666.0,56751849.0,64750023,67309013,65969117,71594638,73936490,77139876,79974141,82308820,83829065,81875226,86175024,87732919,87660565,89831620,90868109,89526266,0.0
Lebanon,LB,0.0,0.0,0.0,0.0,0.0,0.0,0.0,0.0,0.0,0.0,0.0,4581587.0,4984535.0,6387461.0,6488247.0,5709367.0,5247473.0,4612881.0,5803474.0,6299750.0,6652979.0,6333573.0,4678657.0,5194783.0,5456357.0,6614050.0,7061642.0,7231645.0,5473164.0,5514276.0,5514276.0,6948884.0,6897845.0,10135270.0,11119410.0,12829853.0,13341125.0,15281784.0,14921432.0,15700992.0,14041815.0,15202855.0,15160190.0,15109906.0,15264328.0,14529898,14221728,12776574,16324037,19360746,18293300,18597083,21081130,20705495,22538012,24621768,25463128,26928918,25354314,25501510,20543890,0.0
Libya,LY,0.0,0.0,0.0,0.0,0.0,0.0,0.0,0.0,0.0,0.0,0.0,5174391.0,6273155.0,6823316.0,7168999.0,8732450.0,10543351.0,12025515.0,13363068.0,14846059.0,15955823.0,17592247.0,18982903.0,19010462.0,19356319.0,18174860.0,18043916.0,19787720.0,20742605.0,20757348.0,21260846.0,21732078.0,22009309.0,23086185.0,27362809.0,31278467.0,32571282.0,32486533.0,33160802.0,35136545.0,36104201.0,36822278.0,38137556.0,39946066.0,40005494.0,43917952,43580920,41061560,44506472,48081932,50542728,36509678,47666278,52097329,51753950,45051482,43198695,43850340,44591754,44785233,39159442,0.0
Sri Lanka,LK,0.0,0.0,0.0,0.0,0.0,0.0,0.0,0.0,0.0,0.0,0.0,2757893.0,3390964.0,3533886.0,2887007.0,2637329.0,2686088.0,2905122.0,3337852.0,3625343.0,3623598.0,3759472.0,4220681.0,4445609.0,3817640.0,3485027.0,3433691.0,3965001.0,3766497.0,3587113.0,3676208.0,3822635.0,4916224.0,4816772.0,5391570.0,5454193.0,7979738.0,7950367.0,8255429.0,9102578.0,10522688.0,10403373.0,10978487.0,11949269.0,12313650.0,13392910,11780162,12937259,12123205,11566172,12408760,14659765,16661219,13710905,16739024,18368184,22139603,22064536,20606283,22497543,20835322,0.0
Lithuania,LT,0.0,0.0,0.0,0.0,0.0,0.0,0.0,0.0,0.0,0.0,0.0,0.0,0.0,0.0,0.0,0.0,0.0,0.0,0.0,0.0,0.0,0.0,0.0,0.0,0.0,0.0,0.0,0.0,0.0,0.0,32217925.0,34290954.0,19242951.0,15390211.0,14437577.0,13437798.0,13922261.0,13557975.0,14294867.0,11901409.0,10223397.0,10872148.0,10932722.0,10940170.0,11563956.0,12445933,12504435,12685460,12612600,11408104,12314006,11525805,11530575,10870252,10462057,10549093,10750728,10771757,11141175,11157656,11137150,11262372.6
Luxembourg,LU,18756116.0,18974385.0,18383920.0,16292405.0,17232789.0,18840228.0,17461650.0,17457588.0,18213454.0,19540772.0,17706140.0,16472252.0,16117636.0,17447977.0,16012065.0,12739168.0,13641986.0,12956887.0,14160969.0,13262431.0,12450372.0,10536409.0,9880100.0,9239840.0,10109488.0,10335311.0,10018153.0,9425361.0,9872817.0,10640486.0,10745619.0,11238352.0,10915149.0,11213037.0,10323400.0,8225746.0,8308623.0,7800141.0,7121573.0,7454772.0,8065071.0,8689852.0,9374964.0,9852439.0,11232303.0,11493316,11301790,10704137,10640149,10084979,10658402,10517615,10316879,9801713,9283396,8803949,8494468,8635786,8951307,9105475,7454038,7862860.2
Latvia,LV,0.0,0.0,0.0,0.0,0.0,0.0,0.0,0.0,0.0,0.0,0.0,0.0,0.0,0.0,0.0,0.0,0.0,0.0,0.0,0.0,0.0,0.0,0.0,0.0,0.0,0.0,0.0,0.0,0.0,0.0,18777406.0,17201457.0,13832925.0,11741535.0,10146940.0,8902540.0,8903572.0,8420937.0,8027839.0,7410166.0,6841156.0,7247275.0,7234721.0,7464371.0,7479639.0,7580610,8030694,8360290,7938214,7185957,8087541,7340252,6995560,6911939,6723727,6845608,6799011,6679644,7234289,7007631,6377543,6628373.6
Morocco,MA,0.0,0.0,0.0,0.0,0.0,0.0,0.0,0.0,0.0,0.0,0.0,6578349.0,7230560.0,8329745.0,9101343.0,9662413.0,10611978.0,11647206.0,12445379.0,13333606.0,13686748.0,13860043.0,14519196.0,15296277.0,15631605.0,16272651.0,16760031.0,17162073.0,17966846.0,19416790.0,19655831.0,20604993.0,22134018.0,22845040.0,24998546.0,26073834.0,25706733.0,26871790.0,27548587.0,29085747.0,29550532.0,32193994.0,33338022.0,33067085.0,36613997.0,39215868,40519030,41337010,43175215,43167724,46390465,50732477,52237979,51522455,53520672,55112548,55066467,57959927,59402088,65989277,62229533,67215806.2
Moldova,MD,0.0,0.0,0.0,0.0,0.0,0.0,0.0,0.0,0.0,0.0,0.0,0.0,0.0,0.0,0.0,0.0,0.0,0.0,0.0,0.0,0.0,0.0,0.0,0.0,0.0,0.0,0.0,0.0,0.0,0.0,30532115.0,24599519.0,19847857.0,17008407.0,13809785.0,11892994.0,10209560.0,9310281.0,8433962.0,7141631.0,6536841.0,6843851.0,6963168.0,7519818.0,7493321.0,7810491,7517954,7436466,7360146,7297539,7945278,7917237,7695116,6704647,7247611,7577364,7709072,7526091,7961647,8281045,8032844,8866793.0
Madagascar,MG,0.0,0.0,0.0,0.0,0.0,0.0,0.0,0.0,0.0,0.0,0.0,711412.0,736329.0,673633.0,670213.0,752933.0,692679.0,723997.0,786014.0,852629.0,948372.0,762684.0,701663.0,631093.0,823188.0,751903.0,706787.0,763893.0,706332.0,738076.0,866504.0,928129.0,940067.0,972220.0,1196828.0,1355451.0,1290388.0,1404808.0,1609080.0,1651010.0,1633362.0,1648118.0,1109922.0,1473476.0,1577917.0,1650203,1578195,1618552,1718760,1632309,1808065,2117369,2653776,2840749,2952476,3226526,3123629,3403482,3254538,3881220,2706681,0.0
Mexico,MX,0.0,0.0,0.0,0.0,0.0,0.0,0.0,0.0,0.0,0.0,0.0,93748092.0,106449776.0,117630820.0,128283263.0,134558202.0,145195089.0,154303385.0,170194443.0,183823468.0,204603854.0,219538366.0,230363813.0,223835739.0,231835747.0,241153838.0,239877146.0,249470629.0,248323834.0,262053596.0,256956533.0,275145773.0,278010852.0,285596140.0,309344834.0,291336440.0,304782774.0,323022109.0,345372244.0,335899921.0,359735527.0,360600422.0,368116069.0,386601977.0,396045849.0,412385135,426860195,433369090,434539402,425193594,440460336,456460321,459456276,449626506,434204441,442417190,446175879,445991937,416210567,423313728,350870500,397778240.2
Macedonia [FYROM],M],0.0,0.0,0.0,0.0,0.0,0.0,0.0,0.0,0.0,0.0,0.0,0.0,0.0,0.0,0.0,0.0,0.0,0.0,0.0,0.0,0.0,0.0,0.0,0.0,0.0,0.0,0.0,0.0,0.0,0.0,8591283.0,8383742.0,8332391.0,8639659.0,8350826.0,8305696.0,9862495.0,8786101.0,9651408.0,8879545.0,8522107.0,8670612.0,8128537.0,8829072.0,8542584.0,8881835,8852888,9328148,9120022,8512252,8329640,9157093,8798920,7862246,7442944,7142072,6962748,7436231,6950622,7956098,6796702,6764686.0
Malta,MT,0.0,0.0,0.0,0.0,0.0,0.0,0.0,0.0,0.0,0.0,0.0,655077.0,828296.0,794404.0,725875.0,651329.0,740289.0,781007.0,917180.0,892115.0,992263.0,1125603.0,1292897.0,970494.0,1327076.0,1158070.0,1874862.0,1964633.0,2138238.0,2318848.0,2314617.0,2210602.0,2169051.0,2806275.0,2506954.0,2378847.0,2324338.0,2469612.0,2374492.0,2409246.0,2129160.0,2489089.0,2318417.0,2608020.0,2598015.0,2626427,2650632,2715602,2724283,2509932,2586622,2573055,2715595,2371531,2356344,1657118,1352322,1521186,1552481,1658615,1610710,1619482.6
Myanmar,MM,0.0,0.0,0.0,0.0,0.0,0.0,0.0,0.0,0.0,0.0,0.0,4512450.0,4394079.0,3442839.0,4025640.0,3927468.0,4193414.0,4484220.0,4637676.0,4765234.0,5072258.0,5014248.0,5150181.0,4980085.0,5481709.0,5734879.0,6058577.0,4515227.0,4279004.0,4179898.0,3914254.0,3834927.0,4089646.0,4651183.0,5456661.0,6727112.0,7105212.0,7039295.0,7765554.0,8604560.0,9282086.0,8200057.0,8152968.0,10259271.0,10062658.0,10642239,9835278,10271358,7685439,7115413,7927549,8489369,11616307,13163892,16532231,18656583,20899074,30406018,30304508,31056994,30688610,0.0
Mongolia,MN,0.0,0.0,0.0,0.0,0.0,0.0,0.0,0.0,0.0,0.0,0.0,0.0,0.0,0.0,0.0,0.0,0.0,0.0,0.0,0.0,0.0,0.0,0.0,0.0,0.0,11761986.0,12783153.0,13544810.0,14394702.0,13657994.0,12838965.0,14673338.0,12808868.0,11826910.0,10292679.0,10235411.0,8650760.0,8477283.0,8508039.0,8567944.0,8962385.0,8945106.0,9549340.0,9251454.0,9505726.0,10984928,12330981,12909351,12851063,13538675,14139533,15572443,16984529,18287737,17939589,17118652,17981117,19276000,21131160,22659616,20661044,0.0
Mozambique,MZ,0.0,0.0,0.0,0.0,0.0,0.0,0.0,0.0,0.0,0.0,0.0,2933542.0,2656237.0,2771983.0,2674152.0,2375964.0,2426944.0,2307804.0,1991258.0,1894822.0,2343329.0,2033976.0,1860488.0,1721353.0,1468862.0,1504154.0,1471128.0,1470243.0,1482472.0,1459046.0,1084831.0,903332.0,1085147.0,1280413.0,1072361.0,1148226.0,1088453.0,1198299.0,1155733.0,1146291.0,1317721.0,1304815.0,1374402.0,1664918.0,1691163.0,1514919,1623487,1973156,1952469,2195055,2339702,2920953,3188124,3639055,4216121,4854091,6292182,6228524,5932371,6471501,5848225,0.0
Malaysia,MY,0.0,0.0,0.0,0.0,0.0,0.0,0.0,0.0,0.0,0.0,0.0,12798800.0,12598451.0,13024393.0,15239512.0,16217173.0,17653624.0,17505987.0,19451550.0,21743216.0,23701845.0,25363940.0,26565448.0,29456536.0,30034863.0,32910606.0,32343434.0,33742331.0,35669567.0,41848968.0,49602675.0,59943934.0,62917252.0,67759846.0,72995447.0,79589944.0,90916783.0,97293865.0,97714667.0,106343651.0,115058945.0,120445664.0,126499631.0,132792606.0,146572513.0,155842735,161804550,178056273,190309585,169809685,189860901,191491750,192760388,208731398,220185326,220239834,216334913,210767894,227966838,231104627,229114346,0.0
Namibia,NA,0.0,0.0,0.0,0.0,0.0,0.0,0.0,0.0,0.0,0.0,0.0,0.0,0.0,0.0,0.0,0.0,0.0,0.0,0.0,0.0,0.0,0.0,0.0,0.0,0.0,0.0,0.0,0.0,0.0,0.0,0.0,1117883.0,1218078.0,1414582.0,1636166.0,1773395.0,1923671.0,1973528.0,2017562.0,1978960.0,1942299.0,2459678.0,2131619.0,2268799.0,2376687.0,2525483,2491308,2546943,2929861,3000061,3103532,3156066,3284779,3491964,3628890,3807118,3889437,3818425,3795685,3796267,3484266,0.0
Niger,NE,0.0,0.0,0.0,0.0,0.0,0.0,0.0,0.0,0.0,0.0,0.0,183749.0,199707.0,240976.0,228448.0,269566.0,285940.0,320720.0,352761.0,384314.0,480397.0,568397.0,598948.0,664057.0,548456.0,565357.0,752580.0,744637.0,764823.0,790470.0,560155.0,531069.0,491787.0,561786.0,537598.0,516531.0,601570.0,603316.0,655847.0,641410.0,650995.0,646706.0,674977.0,739050.0,772818.0,736144,729631,803670,842418,1068423,1358855,1379800,1866202,1779983,1969994,1992755,1989855,1810964,1866023,2067966,2108254,0.0
Nigeria,NG,0.0,0.0,0.0,0.0,0.0,0.0,0.0,0.0,0.0,0.0,0.0,5699087.0,6844628.0,8417153.0,9200067.0,10816425.0,13711857.0,16809831.0,20463966.0,21072207.0,25354711.0,28336338.0,32018940.0,33045589.0,30490718.0,31785039.0,30300692.0,31179047.0,32652055.0,33152599.0,28063613.0,32882617.0,39618963.0,36167201.0,30493465.0,32807373.0,36436426.0,41366988.0,37542061.0,39374012.0,43714790.0,49211402.0,50828159.0,54056695.0,54112487.0,56612600,51487202,47912215,53108924,44359841,56895670,66467062,70639621,82296588,90810477,84823655,88178657,86348874,90743251,95514318,88117688,0.0
Nicaragua,NI,0.0,0.0,0.0,0.0,0.0,0.0,0.0,0.0,0.0,0.0,0.0,1489616.0,1526743.0,1668700.0,1837817.0,1852741.0,2125210.0,2611266.0,2356863.0,1566612.0,1797992.0,1880149.0,1867058.0,1959579.0,1790694.0,1802587.0,2131563.0,2216532.0,1922373.0,1568553.0,1839220.0,1816071.0,2116121.0,2089146.0,2392728.0,2513712.0,2662390.0,2858830.0,3358084.0,3392318.0,3542102.0,3708131.0,3832414.0,4191911.0,4316417.0,4121023,4332146,4483834,4292507,4184998,4277260,4492742,4445077,4220704,4487221,4999815,5108277,5126535,4761212,4906958,4384470,0.0
Netherlands,NL,65953569.0,67795935.0,75977614.0,83498286.0,83547409.0,87473727.0,89489845.0,90826022.0,99684949.0,109601468.0,126233329.0,127679118.0,142500883.0,148450095.0,140148814.0,131962010.0,140723494.0,138521472.0,143012102.0,153154959.0,145417303.0,143265879.0,134919353.0,130472621.0,135309153.0,138396723.0,141461874.0,145369314.0,143337963.0,146408543.0,150916559.0,156570539.0,155352237.0,159520782.0,159032955.0,163582740.0,173220894.0,165882191.0,166264879.0,160906912.0,161617322.0,166590316.0,166903642.0,169919079.0,171658709.0,167489660,163262344,164115298,164822973,160072111,170762343,158412075,157155685,156790967,149502726,157112574,158253356,155399341,151151632,145922580,130305208,135814723.3
Norway,NO,12798378.0,12479401.0,12757641.0,14063878.0,14806520.0,16039924.0,18088141.0,18417167.0,19512071.0,21771157.0,23944910.0,23001052.0,23558764.0,23368386.0,22698546.0,23603322.0,25342984.0,26583372.0,27084161.0,28798385.0,27235484.0,25468887.0,24325871.0,24409682.0,25060867.0,26415650.0,29715102.0,27581476.0,27732835.0,27092949.0,27472408.0,25956762.0,28863765.0,30532640.0,32117072.0,31409867.0,32366363.0,34118765.0,35757414.0,37223990.0,31871165.0,32919850.0,32537116.0,35111388.0,35625799.0,34545820,35518357,36089146,35353081,35742931,38714782,37677266,37403738,38022210,38215150,38910992,38151158,37967302,37477204,36575440,35096451,39572121.1
Nepal,NP,0.0,0.0,0.0,0.0,0.0,0.0,0.0,0.0,0.0,0.0,0.0,190164.0,259621.0,394329.0,373918.0,318654.0,244249.0,288750.0,282386.0,453753.0,519432.0,444525.0,507679.0,725599.0,793742.0,551256.0,739356.0,747413.0,739812.0,578502.0,895188.0,1126887.0,1137413.0,1298537.0,1616301.0,1763150.0,1834007.0,2100366.0,2202562.0,3006676.0,3100119.0,3350177.0,2670826.0,2904546.0,2696735.0,3074201,2500867,2578140,2882196,3424806,4121846,4404946,4971779,4944811,5949160,5694237,8503721,10193260,11743357,10097491,12091174,0.0
New Zealand,NZ,10360895.0,10666859.0,10051496.0,10859357.0,11489101.0,11793448.0,12190604.0,12019241.0,12191847.0,12919647.0,13844353.0,13501739.0,15470591.0,16696632.0,17390727.0,16429691.0,18177912.0,18718350.0,18215969.0,16358744.0,16475724.0,16255966.0,17944028.0,18063991.0,18438749.0,18905085.0,17883741.0,19129328.0,20409650.0,20531427.0,21749316.0,22065959.0,23805322.0,23419287.0,23723785.0,23787062.0,24879333.0,27123512.0,26682367.0,28071283.0,28917189.0,31076079.0,30975165.0,32857807.0,32339110.0,33645740,33720718,32541308,33409723,30452145,30388857,29645724,31404533,31149869,31204730,31397819,30489349,32282751,31797196,33403546,30791215,34497750.4
Oman,OM,0.0,0.0,0.0,0.0,0.0,0.0,0.0,0.0,0.0,0.0,0.0,256418.0,262776.0,290807.0,448978.0,722240.0,1117322.0,1310465.0,1545424.0,1889158.0,2248345.0,2507352.0,2943549.0,3894997.0,4982019.0,5636288.0,6230970.0,6309489.0,6627584.0,6846781.0,10162419.0,14104387.0,13356609.0,12581988.0,12505456.0,14691666.0,14933290.0,14987858.0,15278254.0,17488387.0,20419105.0,23015884.0,24672962.0,25285976.0,25111495.0,25181794,33676237,37099666,36127506,38587093,42457029,48844891,54420850,56570830,59732108,63709632,64908375,65051324,68716878,68875605,64130916,0.0
Pakistan,PK,0.0,0.0,0.0,0.0,0.0,0.0,0.0,0.0,0.0,0.0,0.0,15872606.0,16000198.0,16989654.0,17959063.0,19981642.0,19092109.0,20301552.0,21283489.0,22971991.0,24315825.0,26266098.0,29179347.0,30633010.0,33067204.0,36498746.0,38504423.0,45196363.0,49014615.0,53235140.0,55974007.0,57146832.0,63809771.0,70370553.0,72967608.0,79258217.0,82219065.0,85723513.0,86595276.0,94900338.0,94385051.0,95423246.0,97930630.0,100492527.0,112709614.0,114969678,124417223,136348318,130404249,133727865,129168625,130670045,132273937,133091422,141315440,150688547,166261592,183420464,170833673,168204384,166029749,0.0
Panama,PA,0.0,0.0,0.0,0.0,0.0,0.0,0.0,0.0,0.0,0.0,0.0,2505942.0,2679938.0,2936979.0,2997662.0,3118821.0,3106441.0,3084530.0,2913244.0,3073380.0,2922072.0,2525262.0,2959114.0,3430122.0,2849361.0,2666133.0,2749261.0,3053915.0,2379185.0,2481206.0,2563420.0,2995382.0,3527763.0,3549679.0,3772839.0,4091661.0,4129179.0,4337951.0,5401175.0,4688590.0,4877770.0,5869649.0,5095914.0,5154759.0,5178421.0,6685344,7063445,7063333,6565418,8034771,8604286,9303992,9564030,9331407,9909109,9846218,9915826,9391956,9282985,12568779,9290409,0.0
Peru,PE,0.0,0.0,0.0,0.0,0.0,0.0,0.0,0.0,0.0,0.0,0.0,15390068.0,15402703.0,16252576.0,17490844.0,18240381.0,18513808.0,18186150.0,18361593.0,19198236.0,20402545.0,21248448.0,21068801.0,17775324.0,18601187.0,18051923.0,19331321.0,20901602.0,21265196.0,19307941.0,19151453.0,18540999.0,19360974.0,20031106.0,20549576.0,23310638.0,25680164.0,25412637.0,24421357.0,26856350.0,26402615.0,24337209.0,25525392.0,24875713.0,28768292.0,28632888,28031850,30924403,35209581,37747353,41544007,44920970,44093037,45175723,48117373,49534387,52195726,49762361,50052802,52209133,42436872,0.0
Philippines,PH,0.0,0.0,0.0,0.0,0.0,0.0,0.0,0.0,0.0,0.0,0.0,23792521.0,24700146.0,27704517.0,26562276.0,29250497.0,29062365.0,32402003.0,33724597.0,34937834.0,32621289.0,30840902.0,31113142.0,33203111.0,29588061.0,29268471.0,27086015.0,33319918.0,34997507.0,36653882.0,38078902.0,37421215.0,40900747.0,44106348.0,47098858.0,56852354.0,61554776.0,68160281.0,68366563.0,66278049.0,66875037.0,66613939.0,65592633.0,67710645.0,69267427.0,69937877,64395097,68062273,69841120,70532634,75749171,76260551,78719850,87542619,93357287,101463647,111760529,123250343,128305848,135058007,124458982,0.0
Poland,PL,190875416.0,199121000.0,211113244.0,213437177.0,221661263.0,229564408.0,235158939.0,243235435.0,253623462.0,273686051.0,280156093.0,287362329.0,299576749.0,312790456.0,325211998.0,338900005.0,362484716.0,375047040.0,400148279.0,406116245.0,416002259.0,385785133.0,391823647.0,394117859.0,409705611.0,422392233.0,428165065.0,443657954.0,432783268.0,413572442.0,344761599.0,346210886.0,337830357.0,338869406.0,333109212.0,333337838.0,349101188.0,337887996.0,312080092.0,302800082.0,289591377.0,288640036.0,282610945.0,293129945.0,296744997.0,296261105,308078167,306294687,301597403,291471973,307493273,303187965,296941257,292406685,279258514,282707990,293210908,305730218,304040416,287196774,271474741,294777654.6
North Korea,KP,0.0,0.0,0.0,0.0,0.0,0.0,0.0,0.0,0.0,0.0,0.0,68935226.0,71264682.0,72567801.0,75448497.0,77980472.0,83954872.0,88841156.0,93853346.0,101463428.0,107368323.0,110519248.0,115914234.0,120362123.0,124734591.0,128993495.0,127423028.0,121787937.0,123596670.0,122297147.0,116809458.0,110832151.0,97782107.0,89803301.0,81856576.0,76532288.0,67126522.0,64687911.0,59646616.0,64961365.0,69968932.0,72315110.0,69072969.0,70533249.0,72092714.0,75340154,76534133,63274757,70381462,52918936,49292799,34658929,36052416,25106144,28676325,22545502,25426725,51677032,47895315,53409371,50266200,0.0
Portugal,PT,6015080.0,6974825.0,7108234.0,7779997.0,8233153.0,8736278.0,8559893.0,9280418.0,9756965.0,10274360.0,12800164.0,14390640.0,14549996.0,16191536.0,16487656.0,18031110.0,19347863.0,18751929.0,19756023.0,21888958.0,23753098.0,24876933.0,25369701.0,26080652.0,25040854.0,23924909.0,27251645.0,27757947.0,28861277.0,37138387.0,37892592.0,39496690.0,43638028.0,42597798.0,44010860.0,47231150.0,45354497.0,47370573.0,52063633.0,58380644.0,57852184.0,57756555.0,61694897.0,56907576.0,58124750.0,61385798,56448023,54631610,52832438,53076554,47561335,47054931,45670308,43741204,42835055,46930899,46398215,50741653,47210184,42339682,36663490,34379285.1
Paraguay,PY,0.0,0.0,0.0,0.0,0.0,0.0,0.0,0.0,0.0,0.0,0.0,571145.0,630896.0,703103.0,666169.0,703543.0,779567.0,1117867.0,1401695.0,1346566.0,1347049.0,1308657.0,1311697.0,1249112.0,1395992.0,1422914.0,1467409.0,1611565.0,1844501.0,1830604.0,1929829.0,1884365.0,2254322.0,2607500.0,3070872.0,3489665.0,3448390.0,3833791.0,4019593.0,4026969.0,3281664.0,3414675.0,3589508.0,3712996.0,3763342.0,3472665,3728188,3511466,4094009,4294003,4791954,5013268,4884351,5079120,5369031,6017664,6803062,7653467,8064072,7805584,7306589,0.0
Qatar,QA,0.0,0.0,0.0,0.0,0.0,0.0,0.0,0.0,0.0,0.0,0.0,2240474.0,2469786.0,3456428.0,2998563.0,4927527.0,3478530.0,4047407.0,3831656.0,6210288.0,6982121.0,8478926.0,9216320.0,9559386.0,10655332.0,10685735.0,11397005.0,11634748.0,12044357.0,12829697.0,12431991.0,13731547.0,14453934.0,15269861.0,16055832.0,16831699.0,17632731.0,19179641.0,20426688.0,22554592.0,21257766.0,22477361.0,26559287.0,27859150.0,30866828.0,33211677,38631766,44188816,47157575,48283547,55830644,63232966,70355700,71691125,77443470,80510342,82490819,83243669,83073077,85140582,84125333,0.0
Romania,RO,0.0,0.0,0.0,0.0,0.0,0.0,0.0,0.0,0.0,0.0,0.0,114671667.0,118342977.0,129115526.0,129794990.0,140600336.0,153509375.0,160745392.0,174373152.0,178746919.0,177369151.0,178701875.0,176472288.0,178706238.0,174904820.0,174876064.0,180005639.0,188877836.0,193787767.0,189850617.0,168188564.0,139554189.0,123279721.0,114857841.0,112306679.0,117581655.0,120859218.0,110409658.0,96451961.0,82167287.0,86203545.0,92290997.0,90943112.0,95318054.0,92201511.0,91329300,95421799,92559774,91221137,77570010,74791826,80919592,78644177,69350797,68523782,69916899,68368859,70880664,71659317,70088881,64733736,71655689.1
Russia,RA,0.0,0.0,0.0,0.0,0.0,0.0,0.0,0.0,0.0,0.0,0.0,0.0,0.0,0.0,0.0,0.0,0.0,0.0,0.0,0.0,0.0,0.0,0.0,0.0,0.0,0.0,0.0,0.0,0.0,0.0,2163533070.0,2136444268.0,1959348086.0,1799795292.0,1596390300.0,1548252185.0,1521658005.0,1414791763.0,1406588154.0,1442981854.0,1474394287.0,1474669977.0,1465851034.0,1493895749.0,1488201490.0,1481897136,1537702664,1533725251,1553838333,1440681104,1529228168,1604742898,1607949744,1568533162,1551605133,1533083609,1509690692,1537177460,1601530549,1640327590,1551649481,1701354563.0
Rwanda,RW,0.0,0.0,0.0,0.0,0.0,0.0,0.0,0.0,0.0,0.0,0.0,61028.0,67170.0,70236.0,70236.0,85772.0,116770.0,116184.0,131150.0,131525.0,326398.0,398177.0,408321.0,459278.0,426678.0,435590.0,432060.0,432314.0,507192.0,501303.0,510781.0,456068.0,458420.0,461104.0,457568.0,450875.0,447635.0,456679.0,456468.0,468789.0,632671.0,638690.0,756874.0,644790.0,622950.0,678986,682227,616511,616511,639968,672314,704582,784517,872308,885306,1014972,1041268,1126404,1270587,1301714,1232579,0.0
Saudi Arabia,SA,0.0,0.0,0.0,0.0,0.0,0.0,0.0,0.0,0.0,0.0,0.0,12678676.0,14409906.0,17566038.0,20205112.0,22518895.0,25906123.0,34439070.0,52850383.0,73640004.0,99437037.0,112982914.0,125405467.0,134862509.0,117292676.0,117802204.0,118481562.0,130196758.0,138383257.0,138045279.0,151113969.0,157306430.0,170657295.0,180822518.0,193006547.0,191653100.0,203527024.0,205717370.0,220203405.0,226146605.0,234616630.0,238287581.0,255318610.0,266341912.0,282109078.0,297111649,315847500,332962674,363868715,379446967,418241795,434342301,463380752,471162355,506944334,531393717,527788160,521303435,498046683,498145444,483634315,0.0
Sudan,SD,0.0,0.0,0.0,0.0,0.0,0.0,0.0,0.0,0.0,0.0,0.0,3214101.0,3408380.0,4546732.0,4269517.0,3212724.0,3187272.0,3394339.0,3081190.0,3143836.0,3668349.0,3580350.0,3683504.0,3755171.0,3332012.0,3980398.0,3917559.0,3001866.0,4380945.0,3953016.0,5295628.0,4733532.0,4427454.0,3090840.0,4595561.0,4308578.0,4104243.0,5077617.0,4624786.0,5091085.0,5486143.0,6017397.0,7461757.0,7642494.0,8386446.0,9927597,12360926,13302237,14422979,14747126,15132328,14218859,13876395,13749258,14526472,16902289,19288504,19389595,19536615,19997833,18675795,0.0
Senegal,SN,0.0,0.0,0.0,0.0,0.0,0.0,0.0,0.0,0.0,0.0,0.0,1215743.0,1250851.0,1379128.0,1469605.0,1609257.0,1676251.0,1818236.0,1762940.0,1954134.0,2040625.0,2002294.0,1926020.0,1907434.0,2039982.0,2124697.0,2042655.0,2068894.0,1967231.0,2079177.0,2133389.0,2128483.0,2322301.0,2264493.0,2326709.0,2478529.0,2597371.0,2868096.0,3191916.0,3555822.0,3521497.0,3835700.0,3916607.0,3809677.0,4438918.0,4626203,4437371,4981105,5250130,5387237,5458213,5782420,5661604,5992018,6674012,7497464,8137812,7786802,8079628,9672810,7968192,0.0
Singapore,SG,0.0,0.0,0.0,0.0,0.0,0.0,0.0,0.0,0.0,0.0,0.0,6059211.0,7222020.0,8121994.0,8464359.0,8439735.0,9121566.0,10179076.0,11755671.0,12673412.0,12657553.0,13531367.0,14008146.0,15111561.0,15700486.0,16604537.0,16827283.0,17233737.0,19704493.0,21091321.0,28970008.0,30474880.0,31410865.0,36164236.0,37978755.0,37581859.0,38520116.0,38161639.0,37047107.0,37802098.0,42117548.0,42031287.0,41290841.0,38157680.0,39618758.0,36901353,37171597,38286019,38423608,38831763,42413616,44766896,43692284,43912263,44398460,45431938,44969826,47324193,45212143,45163232,43705045,0.0
El Salvador,SV,0.0,0.0,0.0,0.0,0.0,0.0,0.0,0.0,0.0,0.0,0.0,1304512.0,1532042.0,1688563.0,1698276.0,1929707.0,1952711.0,2015519.0,2025096.0,1937294.0,1596099.0,1500460.0,1484781.0,1489920.0,1517900.0,1640679.0,1621674.0,2000047.0,2088096.0,2037808.0,2106603.0,2773216.0,3173513.0,3553101.0,4094348.0,4579742.0,3983752.0,4882832.0,5211224.0,5166091.0,5178171.0,5371915.0,5379672.0,5930401.0,6153492.0,6371941,6701966,7107757,6393374,6197739,6032021,6262934,6235357,5989520,6204520,6613808,6783880,5995966,6422673,7416457,5988616,0.0
Serbia,RS,0.0,0.0,0.0,0.0,0.0,0.0,0.0,0.0,0.0,0.0,0.0,0.0,0.0,0.0,0.0,0.0,0.0,0.0,0.0,0.0,0.0,0.0,0.0,0.0,0.0,0.0,0.0,0.0,0.0,0.0,61906503.0,52202448.0,47991939.0,42718086.0,38904648.0,44548887.0,51652141.0,56314932.0,56209743.0,40010128.0,42939350.0,45002762.0,48581164.0,52145004.0,56345334.0,49497114,51685022,50097553,48390932,45793797,46052910,50198206,44912483,45700510,38314291,44723357,45887302,46550437,45323402,45137035,45342821,46182184.0
Slovakia,SK,0.0,0.0,0.0,0.0,0.0,0.0,0.0,0.0,0.0,0.0,0.0,38865860.0,39294049.0,40971941.0,41841452.0,43153699.0,43689704.0,45418863.0,50650177.0,51543254.0,55776790.0,54433055.0,52820219.0,52701815.0,54566712.0,54413304.0,51687045.0,53500042.0,54299712.0,53652459.0,54811844.0,47938153.0,44789172.0,43290931.0,40586974.0,41215629.0,41074110.0,41058450.0,39581515.0,38833148.0,36882231.0,37368026.0,36900369.0,37409645.0,36213452.0,37262253,36484264,35705258,35493204,32695949,34572279,32854943,31251081,31785400,29171089,29444719,30156826,32209477,31658078,29628531,27592841,31042971.6
Slovenia,SI,0.0,0.0,0.0,0.0,0.0,0.0,0.0,0.0,0.0,0.0,0.0,0.0,0.0,0.0,0.0,0.0,0.0,0.0,0.0,0.0,0.0,0.0,0.0,0.0,0.0,0.0,14666341.0,14104534.0,13912162.0,13886753.0,13528758.0,12737375.0,12440548.0,13267500.0,13223313.0,14063911.0,14853948.0,15284084.0,15042995.0,14445537.0,14050959.0,14875062.0,15081149.0,14961574.0,15226438.0,15429759,15782141,15740525,16767127,15087660,15418927,15394975,14807779,14157027,12694426,12772528,13559316,13713517,13622833,13187376,12002373,11949706.3
Sweden,SE,45775471.0,44586649.0,47389991.0,52359275.0,55348456.0,59941785.0,65932173.0,62850413.0,70584900.0,78304552.0,88713208.0,82047455.0,82173712.0,83562243.0,76514404.0,79041446.0,85860411.0,82904310.0,77583881.0,80106144.0,73120121.0,66199147.0,60477769.0,54964725.0,54040213.0,58385814.0,59862530.0,58027618.0,55592392.0,52787524.0,52074164.0,53099292.0,55656924.0,55412879.0,57379813.0,56934868.0,62422399.0,56276569.0,57230416.0,56125853.0,51989465.0,51165348.0,52743719.0,53996718.0,52309331.0,48767632,47292870,45715323,44627260,41497665,46661537,43091040,40517593,38986124,37594032,37583128,37137212,36684158,34308859,33607577,32304086,33614003.8
Eswatini,SZ,0.0,0.0,0.0,0.0,0.0,0.0,0.0,0.0,0.0,0.0,0.0,223486.0,229800.0,242426.0,248739.0,280312.0,273999.0,273999.0,557038.0,558102.0,614301.0,578130.0,583963.0,437194.0,496000.0,570553.0,629917.0,661038.0,705121.0,739347.0,1101213.0,1086268.0,909213.0,816890.0,1454929.0,1413027.0,1131034.0,1149936.0,1172009.0,1257718.0,1090626.0,1105833.0,1074846.0,996536.0,985601.0,982501,990896,1024584,1005572,1042350,849155,814874,806297,957024,977372,1015850,1116014,1105772,1105772,1169540,1147732,0.0
Syria,SY,0.0,0.0,0.0,0.0,0.0,0.0,0.0,0.0,0.0,0.0,0.0,5434660.0,5143147.0,4930734.0,6984725.0,8260522.0,9289060.0,10060450.0,10151429.0,13339385.0,12328176.0,13869464.0,16593166.0,19561478.0,22043922.0,19536172.0,20978910.0,23803495.0,24442722.0,23830166.0,27229960.0,29788130.0,28290407.0,28270612.0,29402617.0,31132913.0,34245485.0,34522842.0,37530355.0,36569237.0,37028490.0,38906700.0,39815105.0,40035773.0,42492212.0,53466192,56694149,59993537,61876220,57020750,57270529,54360495,41755505,28582866,25301183,23735218,22695138,23045358,26387510,24222571,22358494,0.0
Togo,TG,0.0,0.0,0.0,0.0,0.0,0.0,0.0,0.0,0.0,0.0,0.0,343480.0,359389.0,304709.0,272966.0,317366.0,268867.0,341817.0,341609.0,413016.0,366446.0,364336.0,433069.0,299587.0,340392.0,296704.0,482043.0,523293.0,507088.0,513386.0,575191.0,524211.0,375015.0,253090.0,589110.0,579397.0,945054.0,661513.0,825618.0,1092465.0,948868.0,781264.0,853488.0,1091647.0,1030891.0,964488,889843,899309,1097560,2278622,2078889,1891257,1628709,1275324,1153051,1011474,1485885,1254765,1442741,1522154,1550761,0.0
Thailand,TH,0.0,0.0,0.0,0.0,0.0,0.0,0.0,0.0,0.0,0.0,0.0,16373734.0,18500542.0,20959585.0,20829668.0,21374769.0,24347184.0,26954681.0,30215410.0,32305171.0,33954139.0,32807758.0,31385168.0,34876962.0,38272807.0,42336006.0,43684456.0,50292248.0,57430597.0,66589082.0,81537753.0,90408381.0,98685245.0,111224164.0,124190305.0,140716571.0,158000489.0,161916669.0,146905806.0,152736401.0,153360158.0,161023923.0,170562680.0,177828089.0,194735641.0,201409208,203072693,209515121,214087750,205759942,221891200,220074503,236555272,244979440,240922334,248020549,244104981,244054788,241424792,251577946,242973765,0.0
Tajikistan,TJ,0.0,0.0,0.0,0.0,0.0,0.0,0.0,0.0,0.0,0.0,0.0,0.0,0.0,0.0,0.0,0.0,0.0,0.0,0.0,0.0,0.0,0.0,0.0,0.0,0.0,0.0,0.0,0.0,0.0,0.0,11018172.0,10171663.0,7489935.0,5020133.0,2937321.0,2459615.0,2215690.0,2495772.0,2756881.0,2529902.0,2176522.0,2115829.0,2084936.0,2093826.0,2502434.0,2347227,2548520,3114771,2948035,2309775,2302905,2418220,2892174,3007110,4021602,4211764,4831621,5234677,6218297,6912658,7254783,0.0
Turkmenistan,TM,0.0,0.0,0.0,0.0,0.0,0.0,0.0,0.0,0.0,0.0,0.0,0.0,0.0,0.0,0.0,0.0,0.0,0.0,0.0,0.0,0.0,0.0,0.0,0.0,0.0,0.0,0.0,0.0,0.0,0.0,44646255.0,37788541.0,27652142.0,26186785.0,32583981.0,33256004.0,29507409.0,29760498.0,30413324.0,35587401.0,36666435.0,37304247.0,39211155.0,43543021.0,46600194.0,48154190,49257734,55997659,56460956,49959010,56919768,61417303,61837547,59072280,57803863,59484219,59714004,59748004,59817909,60109674,60180322,0.0
Trinidad and Tobago,TT,0.0,0.0,0.0,0.0,0.0,0.0,0.0,0.0,0.0,0.0,0.0,5368951.0,5472722.0,5667528.0,5194405.0,4575180.0,5183822.0,5939647.0,5878389.0,5917776.0,6370101.0,7205662.0,7021230.0,6636807.0,6753663.0,6654053.0,6827376.0,7178040.0,7722959.0,7594772.0,7901160.0,7809563.0,8168049.0,7870406.0,8062188.0,8163496.0,8497382.0,9111626.0,9478864.0,9479932.0,9717701.0,11142869.0,12254813.0,14991347.0,15646264.0,17023293,19391725,19786486,19272982,18470581,20982029,21543322,20640305,21302742,21192156,20545455,17656582,17601946,17168194,16594048,14844390,0.0
Tunisia,TN,0.0,0.0,0.0,0.0,0.0,0.0,0.0,0.0,0.0,0.0,0.0,3720528.0,4140034.0,4230040.0,4780959.0,4846357.0,5136259.0,5744272.0,6263881.0,7321541.0,7920133.0,8142169.0,7935557.0,9122243.0,9406497.0,9661523.0,9926558.0,9974335.0,10806669.0,11668419.0,12195735.0,12533539.0,13283410.0,13703848.0,13794887.0,14035985.0,14772056.0,15427013.0,16097814.0,16895430.0,17637839.0,18508267.0,18526039.0,18341231.0,19046303.0,19472770,20164077,20978275,21057747,21139471,23290581,22242472,23471195,23640821,25029933,25608211,25206053,26151109,26167466,26275434,25178210,0.0
Turkey,TU,16770684.0,16406571.0,18531125.0,20290099.0,22234602.0,23619205.0,27253972.0,29588079.0,31890068.0,35086957.0,38078398.0,41736699.0,49055633.0,52754934.0,55306318.0,59631229.0,66674617.0,72221079.0,73033463.0,67555819.0,71522558.0,71126823.0,77569191.0,83281541.0,87715162.0,95358471.0,103308135.0,113729963.0,108735235.0,120704121.0,128757861.0,131776117.0,136527179.0,142529535.0,140333088.0,154020479.0,170677706.0,178328421.0,178397553.0,178061404.0,201216509.0,182681138.0,192597590.0,203138607.0,207391162.0,215883046,240243619,266187786,262354961,261267158,267833992,287191198,298427770,285178612,307171546,318973757,338868963,378628201,374701858,366422887,366596204,391192626.1
Taiwan,TW,0.0,0.0,0.0,0.0,0.0,0.0,0.0,0.0,0.0,0.0,0.0,29994366.0,34114688.0,38382046.0,37405515.0,41033543.0,49588810.0,53463210.0,60520756.0,63996394.0,71046994.0,64875950.0,60040739.0,64132089.0,66663889.0,67174832.0,79057542.0,83694102.0,98147112.0,107003687.0,109281928.0,118345082.0,125993532.0,135150156.0,143042756.0,150730262.0,158517792.0,170705348.0,180995916.0,189779819.0,208242675.0,211628536.0,219465193.0,229354520.0,238479823.0,246068480,253735661,256686158,245267351,233391851,249310906,254323483,250386875,251291340,255836397,256017534,261073955,267443605,264533610,255961865,254996406,0.0
Tanzania,TZ,0.0,0.0,0.0,0.0,0.0,0.0,0.0,0.0,0.0,0.0,0.0,1403020.0,1639618.0,1672532.0,1504019.0,1405116.0,1378330.0,1389029.0,1486589.0,1524441.0,1490209.0,1470966.0,1348626.0,1368642.0,1388699.0,1463256.0,1543630.0,1538063.0,1585175.0,1602049.0,1670508.0,1644437.0,1638549.0,1695237.0,1781511.0,2492046.0,2775189.0,2635113.0,2377083.0,2179323.0,2609612.0,2765892.0,3154326.0,3295590.0,4571970.0,5118673,5453922,5275357,5397551,5181092,6018397,7098292,8600972,9784791,9019993,9550884,9069855,10032258,10271932,12436761,11918503,0.0
Uganda,UG,0.0,0.0,0.0,0.0,0.0,0.0,0.0,0.0,0.0,0.0,0.0,800284.0,800284.0,732051.0,766326.0,722909.0,937501.0,872227.0,691068.0,712442.0,669402.0,537354.0,494121.0,475453.0,498162.0,523774.0,577991.0,650983.0,704624.0,656861.0,775964.0,788666.0,797713.0,796933.0,713688.0,924707.0,968339.0,1019094.0,1164703.0,1186441.0,1189802.0,1180176.0,1344411.0,1428489.0,1480358.0,1859957,2236473,2722978,2786267,3156764,3008670,3349551,3348801,3336260,3719470,4363455,4573348,4796503,5484235,5483585,5142165,0.0
Ukraine,UA,0.0,0.0,0.0,0.0,0.0,0.0,0.0,0.0,0.0,0.0,0.0,0.0,0.0,0.0,0.0,0.0,0.0,0.0,0.0,0.0,0.0,0.0,0.0,0.0,0.0,0.0,0.0,0.0,0.0,0.0,688618929.0,651932022.0,565963643.0,492916915.0,410678869.0,395842067.0,343950268.0,325829783.0,306499999.0,303190138.0,295115804.0,298077866.0,301123763.0,326616534.0,302871618.0,290620184,298505426,305977479,294901339,249026578,266042580,279441415,273829173,266491300,234024468,187388946,197627709,171135214,181655938,170403954,161393465,174688184.7
Uruguay,UY,0.0,0.0,0.0,0.0,0.0,0.0,0.0,0.0,0.0,0.0,0.0,4978842.0,5423262.0,5057218.0,4862862.0,5167543.0,5261873.0,5172360.0,5295726.0,5757752.0,5171916.0,4911358.0,4586626.0,3666553.0,3280467.0,3082236.0,3026279.0,3408791.0,4427850.0,4793226.0,3622538.0,4145735.0,4542817.0,4264542.0,3947410.0,4417567.0,5142146.0,5207063.0,5385496.0,6428901.0,5144370.0,4495620.0,4091246.0,4029615.0,5193153.0,5151981,6070148,5597381,7499444,7248596,5954536,7226083,8177091,7024711,6173125,6301466,6232524,5781555,6225502,6516103,6189017,0.0
United States,US,2813809267.0,2832097916.0,2951022644.0,3085190502.0,3196050810.0,3358654879.0,3547095488.0,3684656198.0,3898241195.0,4038171997.0,4231974784.0,4289035482.0,4527984118.0,4691090844.0,4539981890.0,4355839181.0,4616828588.0,4781620648.0,4771142682.0,4800310290.0,4595789109.0,4533920776.0,4321082520.0,4294487954.0,4485577869.0,4514313221.0,4478048562.0,4633016119.0,4842013205.0,4904547626.0,4803002330.0,4765689535.0,4837695301.0,4952699132.0,5024064992.0,5073840232.0,5230479902.0,5498830887.0,5545388048.0,5563819024.0,5729820336.0,5702105773.0,5545413879.0,5610687172.0,5688704740.0,5703154482,5602396200,5686667534,5512449220,5120626218,5352049740,5128105384,4902939710,5038524675,5046564428,4928610664,4838476243,4761301727,4909996024,4744449220,4257738096,4483810505.0
Uzbekistan,UZ,0.0,0.0,0.0,0.0,0.0,0.0,0.0,0.0,0.0,0.0,0.0,0.0,0.0,0.0,0.0,0.0,0.0,0.0,0.0,0.0,0.0,0.0,0.0,0.0,0.0,0.0,0.0,0.0,0.0,0.0,117767744.0,118584801.0,110583814.0,111371231.0,105072313.0,94580863.0,95665429.0,96955947.0,112323524.0,113238126.0,119967301.0,120566081.0,123399536.0,115980524.0,118934304.0,112158971,119901309,116282252,121243440,110596355,119928767,122810812,107088054,106323712,99517058,93880447,99953847,104516652,107576001,111808350,109603147,0.0
Venezuela,VE,0.0,0.0,0.0,0.0,0.0,0.0,0.0,0.0,0.0,0.0,0.0,45912843.0,47404034.0,55039786.0,56264607.0,56070364.0,59470760.0,61603139.0,67006458.0,76362663.0,83370083.0,84542933.0,85407180.0,84912646.0,85039963.0,85139411.0,84895519.0,83990595.0,84910738.0,91603222.0,93587092.0,92358010.0,94550942.0,100207953.0,100803445.0,106098113.0,114098435.0,118811648.0,119700280.0,116003455.0,121227496.0,126536329.0,133535045.0,128351777.0,132929716.0,140442342,138620939,134574509,142343616,143727486,155570806,149845932,161181248,158049710,155765304,140826838,129083780,123354985,112573794,87560810,54382045,0.0
Vietnam,VN,0.0,0.0,0.0,0.0,0.0,0.0,0.0,0.0,0.0,0.0,0.0,16293834.0,15903088.0,17596204.0,14413530.0,16953904.0,11766228.0,12738559.0,13406579.0,14189147.0,14903583.0,15288506.0,16447393.0,17495595.0,17379334.0,17434722.0,19116896.0,21584731.0,20907613.0,17630514.0,17388247.0,17084085.0,17687439.0,21120162.0,23421168.0,27462105.0,30902736.0,36401705.0,40225201.0,40280361.0,44237925.0,48811068.0,57187685.0,60316876.0,73549402.0,79230185,81577544,90003941,101243758,111993506,126659264,126365054,125610601,131931741,145963632,165210250,183427522,185274348,235134591,283812137,293920197,0.0
Yemen,YE,0.0,0.0,0.0,0.0,0.0,0.0,0.0,0.0,0.0,0.0,0.0,1202551.0,1454611.0,1861904.0,1843756.0,1752491.0,2178356.0,2194749.0,2435930.0,2635676.0,3477099.0,3497697.0,3995751.0,4426258.0,4525293.0,4857042.0,5140599.0,5645353.0,6087412.0,6338936.0,6296831.0,8146404.0,8801143.0,7796089.0,8156052.0,9436415.0,9670132.0,10359396.0,11262898.0,12599914.0,13348566.0,14517273.0,14562850.0,16842380.0,17846268.0,18836222,18893315,20003286,21254518,23468288,22388934,19804942,18118959,24651604,24203249,11471662,8921755,8296436,9890637,9728649,8582366,0.0
South Africa,ZA,0.0,0.0,0.0,0.0,0.0,0.0,0.0,0.0,0.0,0.0,0.0,157114049.0,162895135.0,178462552.0,185319902.0,202998951.0,216842805.0,217293049.0,194728749.0,198764867.0,208410963.0,219461284.0,216061558.0,207999836.0,220366731.0,222952718.0,219470727.0,234733604.0,233463087.0,236849133.0,243841742.0,238701950.0,235393610.0,242839839.0,248157173.0,259773474.0,269596588.0,284044564.0,291986701.0,274279527.0,280527092.0,316490523.0,326837737.0,348267835.0,375307942.0,372290649,374177302,391505031,421588983,398605106,420301015,404702519,422291527,432315445,443331367,419595099,419949543,429701733,434121305,441115684,388114479,0.0
Zambia,ZM,0.0,0.0,0.0,0.0,0.0,0.0,0.0,0.0,0.0,0.0,0.0,3367956.0,3781046.0,4134305.0,4130575.0,4326456.0,4309655.0,3800083.0,3627813.0,3243647.0,3280686.0,2961602.0,2838322.0,2725110.0,2739322.0,2696412.0,2781247.0,2708517.0,3022669.0,3111940.0,2561421.0,2725755.0,2705995.0,2371446.0,2029496.0,2002364.0,1620292.0,2129496.0,2030737.0,1642455.0,1653556.0,1748671.0,1830703.0,1944402.0,1950987.0,2120692,1961582,1772534,1970497,2146327,2222321,2591669,3418494,3534140,3949822,4259091,4540305,5954336,6791235,6654690,6677107,0.0
Zimbabwe,ZW,0.0,0.0,0.0,0.0,0.0,0.0,0.0,0.0,0.0,0.0,0.0,7246331.0,6867484.0,8006572.0,7658104.0,7169250.0,7986329.0,6915968.0,7072354.0,7024612.0,7974013.0,7948620.0,7763989.0,8014052.0,8300128.0,9730003.0,10935933.0,14403584.0,14028603.0,14414758.0,16248076.0,17946361.0,18101249.0,16666906.0,15523941.0,15089219.0,14455191.0,13379317.0,13627038.0,15413219.0,13174584.0,13223198.0,12052682.0,9943497.0,9473412.0,10218086,9517017,9599419,7557670,7303131,9209549,10975056,11388969,11753572,11514750,11403596,9989077,9312083,10511915,9712632,7816521,0.0
Laos,LA,0.0,0.0,0.0,0.0,0.0,0.0,0.0,0.0,0.0,0.0,0.0,0.0,0.0,0.0,0.0,0.0,0.0,0.0,0.0,0.0,0.0,0.0,0.0,0.0,0.0,0.0,0.0,0.0,0.0,0.0,0.0,0.0,0.0,0.0,0.0,0.0,0.0,0.0,0.0,0.0,866005.0,960918.0,1009593.0,1051997.0,1112173.0,1158734,1486577,1580424,1895390,2155753,2419113,2551277,2706166,3336481,3504599,7692946,14402240,17551512,17831771,17183929,16827882,0.0
Montenegro,ME,0.0,0.0,0.0,0.0,0.0,0.0,0.0,0.0,0.0,0.0,0.0,0.0,0.0,0.0,0.0,0.0,0.0,0.0,0.0,0.0,0.0,0.0,0.0,0.0,0.0,0.0,0.0,0.0,0.0,0.0,0.0,0.0,0.0,0.0,0.0,0.0,0.0,0.0,0.0,0.0,0.0,0.0,0.0,0.0,0.0,2004798,2179294,2098407,2693314,1747481,2584208,2535859,2331593,2267307,2218423,2359128,2150659,2266961,2500310,2601108,2527165,0.0
